Workbook
Name OLE_LINK1: 'Europa y Euroasia'!#REF!

Sheet Inicio
C4: Importaciones de gas natural por áreas geográficas y países
C9: Fuente/Notas | D9: 2004-marzo 2009 | E9: Anejos de la Resolución del 15 de Julio de 2002
D10: abril 2009-actualidad | E10: Anejos de la Resolución del 15 de diciembre 2008
D11: enero 2015-actualidad | E11: Por adaptación a la legislación europea, desde enero de 2015, desaparece el concepto de contrato de tránsito de gas, tratándose en adelante como una importación y una exportación más. En consecuencia los datos de 2014 y 2015 no siempre son comparables.
E12: A partir de agosto 2021 aparecen nuevos países que anteriormente se encontraban en otras agrupaciones
E13: ^ mayor que 0
A16: Actualizado el 14-09-2026 | G16: Para más información: cores.institucional@cores.es. Tlf.: +34 91 360 09 10, o visite: www.cores.es

Sheet África
C3: =Inicio!C4 -> Importaciones de gas natural por áreas geográficas y países
A4: =Inicio!$A$16 -> Actualizado el 14-09-2026 | S4: Unidad: gigavatio hora
C5: África
A6: Año | B6: Mes | C6: Angola GNL | D6: Argelia | E6: Argelia GNL | F6: Argelia GN | G6: Camerún GNL | H6: Congo GNL | I6: Egipto GNL | J6: Guinea Ecuatorial GNL | K6: Libia GNL | L6: Mauritania GNL | M6: Mozambique GNL | N6: Nigeria | O6: Nigeria GNL | P6: Nigeria GN | Q6: Total África | R6: Total África GNL | S6: Total África GN
A7: 2004 | B7: enero | D7: 15667.722 | E7: 9155.8528 | F7: 6511.869 | I7: 0 | J7: 0 | K7: 723.8085 | N7: 4533.35 | O7: 4533.35 | P7: 0 | Q7: 20924.88 | R7: 14413.011 | S7: 6511.869
A8: 2004 | B8: febrero | D8: 14909.618 | E8: 7712.4968 | F8: 7197.1213 | I8: 0 | J8: 0 | K8: 723.7128 | N8: 3856.8568 | O8: 3518.4752 | P8: 338.38161 | Q8: 19490.188 | R8: 11954.685 | S8: 7535.5029
A9: 2004 | B9: marzo | D9: 14662.131 | E9: 6418.8038 | F9: 8243.327 | I9: 0 | J9: 0 | K9: 732.0007 | N9: 5546.4526 | O9: 5208.0997 | P9: 338.35289 | Q9: 20940.584 | R9: 12358.904 | S9: 8581.6799
A10: 2004 | B10: abril | D10: 11929.376 | E10: 6651.0921 | F10: 5278.284 | I10: 0 | J10: 0 | K10: 487.0423 | N10: 4448.7712 | O10: 4448.594 | P10: 0.17721 | Q10: 16865.19 | R10: 11586.728 | S10: 5278.4612
A11: 2004 | B11: mayo | D11: 10727.015 | E11: 5406.4592 | F11: 5320.5562 | I11: 0 | J11: 0 | K11: 971.6548 | N11: 5848.4457 | O11: 5615.6211 | P11: 232.82456 | Q11: 17547.116 | R11: 11993.735 | S11: 5553.3807
A12: 2004 | B12: junio | D12: 10148.506 | E12: 3944.8118 | F12: 6203.6943 | I12: 0 | J12: 0 | K12: 728.8337 | N12: 4875.7018 | O12: 4874.2844 | P12: 1.41738 | Q12: 15753.042 | R12: 9547.9299 | S12: 6205.1117
A13: 2004 | B13: julio | D13: 11933.316 | E13: 5221.3938 | F13: 6711.922 | I13: 0 | J13: 0 | K13: 721.9886 | N13: 4248.3623 | O13: 4248.3623 | P13: 0 | Q13: 16903.667 | R13: 10191.745 | S13: 6711.922
A14: 2004 | B14: agosto | D14: 11155.417 | E14: 5276.8823 | F14: 5878.535 | I14: 0 | J14: 0 | K14: 7.57282 | N14: 4229.1824 | O14: 4229.1824 | P14: 0 | Q14: 15392.172 | R14: 9513.6375 | S14: 5878.535
A15: 2004 | B15: septiembre | D15: 13280.247 | E15: 5971.9545 | F15: 7308.2921 | I15: 0 | J15: 0 | K15: 477.9151 | N15: 5940.881 | O15: 5940.3593 | P15: 0.52169 | Q15: 19699.043 | R15: 12390.229 | S15: 7308.8138
A16: 2004 | B16: octubre | D16: 14540.002 | E16: 6340.9898 | F16: 8199.0117 | I16: 0 | J16: 0 | K16: 731.0999 | N16: 5924.2679 | O16: 5922.8032 | P16: 1.4647 | Q16: 21195.369 | R16: 12994.893 | S16: 8200.4765
A17: 2004 | B17: noviembre | D17: 16333.855 | E17: 7176.234 | F17: 9157.6212 | I17: 0 | J17: 0 | K17: 729.5162 | N17: 4778.395 | O17: 4776.9761 | P17: 1.41886 | Q17: 21841.766 | R17: 12682.726 | S17: 9159.0401
A18: 2004 | B18: diciembre | D18: 14064.26 | E18: 5795.8041 | F18: 8268.456 | I18: 0 | J18: 0 | K18: 729.7091 | N18: 3458.211 | O18: 3456.748 | P18: 1.463 | Q18: 18252.18 | R18: 9982.2612 | S18: 8269.919
... A58: 2007 | B58: total | D58: 145741.2 | E58: 46358.962 | F58: 99382.238 | I58: 46664.441 | J58: 0 | K58: 8760.1668 | N58: 98317.485 | O58: 97957.885 | P58: 359.6 | Q58: 299483.29 | R58: 199741.45 | S58: 99741.838
A59: 2008 | B59: enero | D59: 14464.221 | E59: 4291.3704 | F59: 10172.851 | I59: 3981.7162 | K59: 727.8484 | N59: 9893.4252 | O59: 9893.4252 | P59: 0 | Q59: 29067.211 | R59: =O59+E59+I59+J59+K59 -> 18894.36 | S59: =F59+P59 -> 10172.851
A60: 2008 | B60: febrero | D60: 13975.41 | E60: 3889.3594 | F60: 10086.05 | I60: 4570.8916 | K60: 487.26292 | N60: 8194.9515 | O60: 8194.9514 | P60: 0 | Q60: 27228.516 | R60: =O60+E60+I60+J60+K60 -> 17142.465 | S60: =F60+P60 -> 10086.05
A61: 2008 | B61: marzo | D61: 14722.592 | E61: 5051.8696 | F61: 9670.7222 | I61: 3651.3101 | K61: 730.30704 | N61: 8385.711 | O61: 8385.7109 | P61: 0 | Q61: 27489.92 | R61: =O61+E61+I61+J61+K61 -> 17819.198 | S61: =F61+P61 -> 9670.7222
A62: 2008 | B62: abril | D62: 14551.938 | E62: 5567.0352 | F62: 8984.9031 | I62: 5769.993 | K62: 731.52121 | N62: 5381.503 | O62: 5381.503 | P62: 0 | Q62: 26434.955 | R62: =O62+E62+I62+J62+K62 -> 17450.052 | S62: =F62+P62 -> 8984.9031
A63: 2008 | B63: mayo | D63: 13316.268 | E63: 4671.025 | F63: 8645.2433 | I63: 3681.1958 | K63: 491.92638 | N63: 7820.5496 | O63: 7820.5496 | P63: 0 | Q63: 25309.94 | R63: =O63+E63+I63+J63+K63 -> 16664.697 | S63: =F63+P63 -> 8645.2433
A64: 2008 | B64: junio | D64: 13522.502 | E64: 4429.7052 | F64: 9092.7964 | I64: 3747.3705 | K64: 488.65575 | N64: 10359.912 | O64: 10359.912 | P64: 0 | Q64: 28118.44 | R64: =O64+E64+I64+J64+K64 -> 19025.644 | S64: =F64+P64 -> 9092.7964
A65: 2008 | B65: julio | D65: 13547.12 | E65: 4486.7896 | F65: 9060.3307 | I65: 5335.3233 | K65: 245.9952 | N65: 9109.1418 | O65: 9109.1418 | P65: 0 | Q65: 28237.581 | R65: =O65+E65+I65+J65+K65 -> 19177.25 | S65: =F65+P65 -> 9060.3307
A66: 2008 | B66: agosto | D66: 12098.784 | E66: 4175.2994 | F66: 7923.4846 | I66: 5590.6821 | N66: 5253.4051 | O66: 5253.4051 | P66: 0 | Q66: 22942.871 | R66: =O66+E66+I66+J66+K66 -> 15019.387 | S66: =F66+P66 -> 7923.4846
A67: 2008 | B67: septiembre | D67: 11946.584 | E67: 3498.0563 | F67: 8448.5275 | I67: 6050.7832 | K67: 243.66651 | N67: 5487.4979 | O67: 5487.4978 | P67: 0 | Q67: 23728.531 | R67: =O67+E67+I67+J67+K67 -> 15280.004 | S67: =F67+P67 -> 8448.5275
A68: 2008 | B68: octubre | D68: 12589.636 | E68: 4281.725 | F68: 8307.9114 | I68: 3088.5711 | J68: 945.4552 | K68: 487.41078 | N68: 9062.4818 | O68: 9062.4818 | P68: 0 | Q68: 26173.555 | R68: =O68+E68+I68+J68+K68 -> 17865.644 | S68: =F68+P68 -> 8307.9114
A69: 2008 | B69: noviembre | D69: 10811.583 | E69: 3611.9968 | F69: 7199.5863 | I69: 1774.1434 | K69: 728.00246 | N69: 9399.8331 | O69: 9399.8329 | P69: 0 | Q69: 22713.562 | R69: =O69+E69+I69+J69+K69 -> 15513.976 | S69: =F69+P69 -> 7199.5863
A70: 2008 | B70: diciembre | D70: 9741.2073 | E70: 3668.6501 | F70: 6072.5572 | I70: 4593.2987 | K70: 727.74471 | N70: 4260.0753 | O70: 4260.0754 | P70: 0 | Q70: 19322.326 | R70: =O70+E70+I70+J70+K70 -> 13249.769 | S70: =F70+P70 -> 6072.5572
A71: 2008 | B71: total | D71: 155287.85 | E71: 51622.882 | F71: 103664.96 | I71: 51835.279 | J71: 945.4552 | K71: 6090.3414 | N71: 92608.487 | O71: =SUM(O59:O70) -> 92608.487 | P71: 0 | Q71: 306767.41 | R71: =O71+E71+I71+J71+K71 -> 203102.44 | S71: =F71+P71 -> 103664.96
A72: 2009 | B72: enero | D72: 10534.202 | E72: 2530.3732 | F72: 8003.8293 | I72: 7299.8898 | K72: 729.22405 | N72: 4851.4981 | O72: 4851.4981 | P72: 0 | Q72: 23414.814 | R72: =O72+E72+I72+J72+K72 -> 15410.985 | S72: =F72+P72 -> 8003.8293
A73: 2009 | B73: febrero | D73: 10154.861 | E73: 4209.3657 | F73: 5945.4951 | I73: 4538.6113 | K73: 729.938 | N73: 3575.6432 | O73: 3575.6432 | P73: 0 | Q73: 18999.053 | R73: =O73+E73+I73+J73+K73 -> 13053.558 | S73: =F73+P73 -> 5945.4951
A74: 2009 | B74: marzo | D74: 9344.1313 | E74: 4172.5603 | F74: 5171.571 | I74: 4347.0653 | K74: 974.7931 | N74: 2773.7528 | O74: 2773.7528 | P74: 0 | Q74: 17439.743 | R74: =O74+E74+I74+J74+K74 -> 12268.172 | S74: =F74+P74 -> 5171.571
A75: 2009 | B75: abril | D75: 10327.625 | E75: 4079.2301 | F75: 6248.3952 | I75: 3838.4573 | K75: 729.70485 | N75: 2554.8032 | O75: 2554.8032 | P75: 0 | Q75: 17450.591 | R75: =O75+E75+I75+J75+K75 -> 11202.195 | S75: =F75+P75 -> 6248.3952
A76: 2009 | B76: mayo | D76: 10805.019 | E76: 4334.9685 | F76: 6470.0503 | I76: 3673.6112 | K76: 728.77166 | N76: 4611.7839 | O76: 4611.7839 | P76: 0 | Q76: 19819.186 | R76: =O76+E76+I76+J76+K76 -> 13349.135 | S76: =F76+P76 -> 6470.0503
A77: 2009 | B77: junio | D77: 12495.706 | E77: 5436.0634 | F77: 7059.6422 | I77: 6349.3403 | K77: 729.987 | N77: 3678.4042 | O77: 3678.4042 | P77: 0 | Q77: 23253.437 | R77: =O77+E77+I77+J77+K77 -> 16193.795 | S77: =F77+P77 -> 7059.6422
A78: 2009 | B78: julio | D78: 13218.704 | E78: 6284.2875 | F78: 6934.4167 | I78: 3712.1409 | K78: 732.75475 | N78: 5562.0715 | O78: 5562.0715 | P78: 0 | Q78: 23225.671 | R78: =O78+E78+I78+J78+K78 -> 16291.255 | S78: =F78+P78 -> 6934.4167
A79: 2009 | B79: agosto | D79: 11777.441 | E79: 5840.776 | F79: 5936.665 | I79: 3711.7989 | K79: 235.89524 | N79: 3679.7094 | O79: 3679.7094 | P79: 0 | Q79: 19404.844 | R79: =O79+E79+I79+J79+K79 -> 13468.18 | S79: =F79+P79 -> 5936.665
A80: 2009 | B80: septiembre | D80: 14604.631 | E80: 7442.607 | F80: 7162.0239 | I80: 2665.6371 | K80: 718.1207 | N80: 4430.6453 | O80: 4430.6453 | P80: 0 | Q80: 22419.034 | R80: =O80+E80+I80+J80+K80 -> 15257.01 | S80: =F80+P80 -> 7162.0239
A81: 2009 | B81: octubre | D81: 10574.505 | E81: 4976.2038 | F81: 5598.301 | I81: 5516.4729 | K81: 726.84145 | N81: 3451.0356 | O81: 3451.0356 | P81: 0 | Q81: 20268.855 | R81: =O81+E81+I81+J81+K81 -> 14670.554 | S81: =F81+P81 -> 5598.301
A82: 2009 | B82: noviembre | D82: 14050.327 | E82: 5665.3707 | F82: 8384.9564 | I82: 4138.5535 | K82: 730.6228 | N82: 6405.6896 | O82: 6405.6896 | P82: 0 | Q82: 25325.193 | R82: =O82+E82+I82+J82+K82 -> 16940.237 | S82: =F82+P82 -> 8384.9564
A83: 2009 | B83: diciembre | D83: 14308.433 | E83: 6323.9843 | F83: 7984.4487 | I83: 1752.2126 | K83: 728.72308 | N83: 5303.641 | O83: 5303.641 | P83: 0 | Q83: 22093.01 | R83: =O83+E83+I83+J83+K83 -> 14108.561 | S83: =F83+P83 -> 7984.4487
A84: 2009 | B84: total | D84: 142195.59 | E84: 61295.791 | F84: 80899.795 | I84: 51543.791 | K84: 8495.3767 | N84: 50878.678 | O84: =SUM(O72:O83) -> 50878.678 | P84: 0 | Q84: 253113.43 | R84: =O84+E84+I84+J84+K84 -> 172213.64 | S84: =F84+P84 -> 80899.795
A85: 2010 | B85: enero | D85: 13707.819 | E85: 4830.7073 | F85: 8877.1116 | I85: 3628.0043 | K85: 727.47843 | N85: 6290.3788 | O85: 6290.3788 | P85: 0 | Q85: 24353.68 | R85: =O85+E85+I85+J85+K85 -> 15476.569 | S85: =F85+P85 -> 8877.1116
A86: 2010 | B86: febrero | D86: 12381.991 | E86: 4624.6528 | F86: 7757.338 | I86: 2766.5471 | K86: 481.99513 | N86: 7490.7287 | O86: 7490.7287 | P86: 0 | Q86: 23121.262 | R86: =O86+E86+I86+J86+K86 -> 15363.924 | S86: =F86+P86 -> 7757.338
A87: 2010 | B87: marzo | D87: 14722.069 | E87: 5673.8707 | F87: 9048.1987 | I87: 4583.5817 | K87: 485.03742 | N87: 4949.4817 | O87: 4949.4817 | P87: 0 | Q87: 24740.17 | R87: =O87+E87+I87+J87+K87 -> 15691.972 | S87: =F87+P87 -> 9048.1987
A88: 2010 | B88: abril | D88: 9281.8474 | E88: 3721.4628 | F88: 5560.3846 | I88: 2760.9649 | K88: 489.87479 | N88: 6921.7413 | O88: 6921.7413 | P88: 0 | Q88: 19454.428 | R88: =O88+E88+I88+J88+K88 -> 13894.044 | S88: =F88+P88 -> 5560.3846
A89: 2010 | B89: mayo | D89: 8920.5126 | E89: 2609.7486 | F89: 6310.764 | I89: 2673.2383 | K89: 0 | N89: 7210.6325 | O89: 7210.6325 | P89: 0 | Q89: 18804.383 | R89: =O89+E89+I89+J89+K89 -> 12493.619 | S89: =F89+P89 -> 6310.764
A90: 2010 | B90: junio | D90: 11813.336 | E90: 5922.616 | F90: 5890.7198 | I90: 3628.4857 | K90: 0 | N90: 6293.4827 | O90: 6293.4827 | P90: 0 | Q90: 21735.304 | R90: =O90+E90+I90+J90+K90 -> 15844.584 | S90: =F90+P90 -> 5890.7198
A91: 2010 | B91: julio | D91: 9775.687 | E91: 4156.137 | F91: 5619.55 | I91: 0 | K91: 112.64193 | N91: 11018.974 | O91: 11018.974 | P91: 0 | Q91: 20907.303 | R91: =O91+E91+I91+J91+K91 -> 15287.753 | S91: =F91+P91 -> 5619.55
A92: 2010 | B92: agosto | D92: 6070.2462 | E92: 1871.2304 | F92: 4199.0159 | I92: 1746.0916 | K92: 664.55224 | N92: 11016.383 | O92: 11016.383 | P92: 0 | Q92: 19497.274 | R92: =O92+E92+I92+J92+K92 -> 15298.258 | S92: =F92+P92 -> 4199.0159
A93: 2010 | B93: septiembre | D93: 7572.5176 | E93: 2833.3121 | F93: 4739.2055 | I93: 4644.8727 | K93: 435.65837 | N93: 6464.4169 | O93: 6464.4169 | P93: 0 | Q93: 19117.466 | R93: =O93+E93+I93+J93+K93 -> 14378.26 | S93: =F93+P93 -> 4739.2055
A94: 2010 | B94: octubre | D94: 10582.989 | E94: 3857.5773 | F94: 6725.4114 | I94: 989.41247 | K94: 241.52457 | N94: 6556.3987 | O94: 6556.3987 | P94: 0 | Q94: 18370.324 | R94: =O94+E94+I94+J94+K94 -> 11644.913 | S94: =F94+P94 -> 6725.4114
A95: 2010 | B95: noviembre | D95: 13331.884 | E95: 5935.5038 | F95: 7396.38 | I95: 2626.7122 | K95: 0 | N95: 5438.8864 | O95: 5438.8864 | P95: 0 | Q95: 21397.482 | R95: =O95+E95+I95+J95+K95 -> 14001.102 | S95: =F95+P95 -> 7396.38
A96: 2010 | B96: diciembre | D96: 15997.676 | E96: 6902.281 | F96: 9095.3952 | I96: 2680.1117 | K96: 489.54982 | N96: 7341.6586 | O96: 7341.6586 | P96: 0 | Q96: 26508.996 | R96: =O96+E96+I96+J96+K96 -> 17413.601 | S96: =F96+P96 -> 9095.3952
A97: 2010 | B97: total | D97: 134158.57 | E97: 52939.1 | F97: 81219.475 | I97: 32728.023 | K97: 4128.3127 | N97: 86993.164 | O97: =SUM(O85:O96) -> 86993.164 | P97: 0 | Q97: 258008.07 | R97: =O97+E97+I97+J97+K97 -> 176788.6 | S97: =F97+P97 -> 81219.475
A98: 2011 | B98: enero | D98: 14646.528 | E98: 5250.8415 | F98: 9395.6865 | I98: 3630.5174 | K98: 483.48177 | N98: 8009.3833 | O98: 8009.3833 | P98: 0 | Q98: 26769.91 | R98: =O98+E98+I98+J98+K98 -> 17374.224 | S98: =F98+P98 -> 9395.6865
A99: 2011 | B99: febrero | D99: 15202.761 | E99: 6304.603 | F99: 8898.1584 | I99: 2675.6326 | K99: 483.4299 | N99: 4387.1217 | O99: 4387.1217 | P99: 0 | Q99: 22748.946 | R99: =O99+E99+I99+J99+K99 -> 13850.787 | S99: =F99+P99 -> 8898.1584
A100: 2011 | B100: marzo | D100: 13923.311 | E100: 3530.4107 | F100: 10392.9 | I100: 4531.3086 | N100: 6395.1325 | O100: 6395.1325 | P100: 0 | Q100: 24849.752 | R100: =O100+E100+I100+J100+K100 -> 14456.852 | S100: =F100+P100 -> 10392.9
A101: 2011 | B101: abril | D101: 10586.596 | E101: 2909.6271 | F101: 7676.9693 | I101: 1771.3465 | N101: 8538.756 | O101: 8538.756 | P101: 0 | Q101: 20896.699 | R101: =O101+E101+I101+J101+K101 -> 13219.73 | S101: =F101+P101 -> 7676.9693
A102: 2011 | B102: mayo | D102: 9476.6428 | E102: 1582.0878 | F102: 7894.555 | I102: 1755.5515 | N102: 8503.4376 | O102: 8503.4376 | P102: 0 | Q102: 19735.632 | R102: =O102+E102+I102+J102+K102 -> 11841.077 | S102: =F102+P102 -> 7894.555
A103: 2011 | B103: junio | D103: 16261.36 | E103: 4121.9345 | F103: 12139.426 | I103: 1846.5484 | N103: 4360.6539 | O103: 4360.6539 | P103: 0 | Q103: 22468.563 | R103: =O103+E103+I103+J103+K103 -> 10329.137 | S103: =F103+P103 -> 12139.426
A104: 2011 | B104: julio | D104: 11580.965 | E104: 2816.2009 | F104: 8764.7644 | I104: 1846.6584 | N104: 5135.4048 | O104: 5135.4048 | P104: 0 | Q104: 18563.029 | R104: =O104+E104+I104+J104+K104 -> 9798.2642 | S104: =F104+P104 -> 8764.7644
A105: 2011 | B105: agosto | D105: 8044.9821 | E105: 2765.1995 | F105: 5279.7826 | I105: 2770.7578 | N105: 6022.7729 | O105: 6022.7729 | P105: 0 | Q105: 16838.513 | R105: =O105+E105+I105+J105+K105 -> 11558.73 | S105: =F105+P105 -> 5279.7826
A106: 2011 | B106: septiembre | D106: 10790.504 | E106: 2583.2521 | F106: 8207.2521 | I106: 882.97894 | N106: 6302.5385 | O106: 6302.5385 | P106: 0 | Q106: 17976.022 | R106: =O106+E106+I106+J106+K106 -> 9768.7695 | S106: =F106+P106 -> 8207.2521
A107: 2011 | B107: octubre | D107: 13248.545 | E107: 3600.6961 | F107: 9647.8486 | I107: 663.64989 | N107: 6151.8694 | O107: 6151.8694 | P107: 0 | Q107: 20064.064 | R107: =O107+E107+I107+J107+K107 -> 10416.215 | S107: =F107+P107 -> 9647.8486
A108: 2011 | B108: noviembre | D108: 14907.124 | E108: 5208.3992 | F108: 9698.7247 | I108: 898.97209 | N108: 4547.046 | O108: 4547.046 | P108: 0 | Q108: 20353.142 | R108: =O108+E108+I108+J108+K108 -> 10654.417 | S108: =F108+P108 -> 9698.7247
A109: 2011 | B109: diciembre | D109: 13127.791 | E109: 2685.3696 | F109: 10442.422 | I109: 2659.154 | N109: 5854.3954 | O109: 5854.3954 | P109: 0 | Q109: 21641.341 | R109: =O109+E109+I109+J109+K109 -> 11198.919 | S109: =F109+P109 -> 10442.422
A110: 2011 | B110: total | D110: 151797.11 | E110: 43358.622 | F110: 108438.49 | I110: 25933.076 | K110: 966.91167 | N110: 74208.512 | O110: =SUM(O98:O109) -> 74208.512 | P110: 0 | Q110: 252905.61 | R110: =O110+E110+I110+J110+K110 -> 144467.12 | S110: =F110+P110 -> 108438.49
A111: 2012 | B111: enero | D111: 15500.628 | E111: 3400.276 | F111: 12100.352 | I111: 881.51435 | N111: 4483.8389 | O111: 4483.8389 | P111: 0 | Q111: 20865.981 | R111: =O111+E111+I111+J111+K111 -> 8765.6293 | S111: =F111+P111 -> 12100.352
A112: 2012 | B112: febrero | D112: 16919.692 | E112: 4404.5763 | F112: 12515.115 | I112: 1767.2854 | N112: 6155.5664 | O112: 6155.5664 | P112: 0 | Q112: 24842.543 | R112: =O112+E112+I112+J112+K112 -> 12327.428 | S112: =F112+P112 -> 12515.115
A113: 2012 | B113: marzo | D113: 15937.527 | E113: 3643.4523 | F113: 12294.074 | I113: 1850.1734 | N113: 3335.6892 | O113: 3335.6892 | P113: 0 | Q113: 21123.389 | R113: =O113+E113+I113+J113+K113 -> 8829.3148 | S113: =F113+P113 -> 12294.074
A114: 2012 | B114: abril | D114: 11768.809 | E114: 3681.3317 | F114: 8087.4777 | I114: 1767.2682 | N114: 5183.6677 | O114: 5183.6677 | P114: 0 | Q114: 18719.745 | R114: =O114+E114+I114+J114+K114 -> 10632.268 | S114: =F114+P114 -> 8087.4777
A115: 2012 | B115: mayo | D115: 13642.018 | E115: 2583.8175 | F115: 11058.201 | N115: 4411.7117 | O115: 4411.7117 | P115: 0 | Q115: 18053.73 | R115: =O115+E115+I115+J115+K115 -> 6995.5292 | S115: =F115+P115 -> 11058.201
A116: 2012 | B116: junio | D116: 14544.384 | E116: 3565.3638 | F116: 10979.02 | N116: 1808.1648 | O116: 1808.1648 | P116: 0 | Q116: 16352.549 | R116: =O116+E116+I116+J116+K116 -> 5373.5287 | S116: =F116+P116 -> 10979.02
A117: 2012 | B117: julio | D117: 9523.6622 | E117: 2636.677 | F117: 6886.9852 | N117: 6312.1414 | O117: 6312.1414 | P117: 0 | Q117: 15835.804 | R117: =O117+E117+I117+J117+K117 -> 8948.8185 | S117: =F117+P117 -> 6886.9852
A118: 2012 | B118: agosto | D118: 8619.8593 | E118: 3275.0384 | F118: 5344.8209 | I118: 886.63794 | N118: 8362.5738 | O118: 8362.5738 | P118: 0 | Q118: 17869.071 | R118: =O118+E118+I118+J118+K118 -> 12524.25 | S118: =F118+P118 -> 5344.8209
A119: 2012 | B119: septiembre | D119: 8333.6335 | E119: 2259.2612 | F119: 6074.3723 | N119: 7853.367 | O119: 7853.367 | P119: 0 | Q119: 16187 | R119: =O119+E119+I119+J119+K119 -> 10112.628 | S119: =F119+P119 -> 6074.3723
A120: 2012 | B120: octubre | D120: 15856.477 | E120: 4059.8219 | F120: 11796.655 | N120: 3508.5706 | O120: 3508.5706 | P120: 0 | Q120: 19365.048 | R120: =O120+E120+I120+J120+K120 -> 7568.3925 | S120: =F120+P120 -> 11796.655
A121: 2012 | B121: noviembre | D121: 14226.162 | E121: 2594.9424 | F121: 11631.22 | N121: 4475.3082 | O121: 4475.3082 | P121: 0 | Q121: 18701.47 | R121: =O121+E121+I121+J121+K121 -> 7070.2507 | S121: =F121+P121 -> 11631.22
A122: 2012 | B122: diciembre | D122: 19717.71 | E122: 6697.5184 | F122: 13020.191 | N122: 5235.702 | O122: 5235.702 | P122: 0 | Q122: 24953.412 | R122: =O122+E122+I122+J122+K122 -> 11933.22 | S122: =F122+P122 -> 13020.191
A123: 2012 | B123: total | D123: 164590.56 | E123: 42802.077 | F123: 121788.49 | I123: 7152.8793 | N123: 61126.302 | O123: =SUM(O111:O122) -> 61126.302 | P123: 0 | Q123: 232869.74 | R123: =O123+E123+I123+J123+K123 -> 111081.26 | S123: =F123+P123 -> 121788.49
A124: 2013 | B124: enero | D124: 17187.041 | E124: 3430.289 | F124: 13756.752 | I124: 463.86265 | N124: 4325.8042 | O124: 4325.8042 | P124: 0 | Q124: 21976.708 | R124: =O124+E124+I124+J124+K124 -> 8219.9559 | S124: =F124+P124 -> 13756.752
A125: 2013 | B125: febrero | D125: 17005.283 | E125: 3991.4345 | F125: 13013.848 | N125: 3453.7452 | O125: 3453.7452 | P125: 0 | Q125: 20459.028 | R125: =O125+E125+I125+J125+K125 -> 7445.1798 | S125: =F125+P125 -> 13013.848
A126: 2013 | B126: marzo | D126: 18139.66 | E126: 2776.3778 | F126: 15363.282 | N126: 3445.6672 | O126: 3445.6672 | P126: 0 | Q126: 21585.327 | R126: =O126+E126+I126+J126+K126 -> 6222.045 | S126: =F126+P126 -> 15363.282
A127: 2013 | B127: abril | D127: 18204.523 | E127: 3588.7144 | F127: 14615.808 | N127: 2845.5942 | O127: 2845.5942 | P127: 0 | Q127: 21050.117 | R127: =O127+E127+I127+J127+K127 -> 6434.3086 | S127: =F127+P127 -> 14615.808
A128: 2013 | B128: mayo | D128: 16782.502 | E128: 3541.7114 | F128: 13240.791 | N128: 1752.421 | O128: 1752.421 | P128: 0 | Q128: 18534.923 | R128: =O128+E128+I128+J128+K128 -> 5294.1324 | S128: =F128+P128 -> 13240.791
A129: 2013 | B129: junio | D129: 14486.414 | E129: 2163.0009 | F129: 12323.414 | N129: 2565.8021 | O129: 2565.8021 | P129: 0 | Q129: 17052.217 | R129: =O129+E129+I129+J129+K129 -> 4728.803 | S129: =F129+P129 -> 12323.414
A130: 2013 | B130: julio | D130: 15858.342 | E130: 3907.9493 | F130: 11950.393 | N130: 890.5943 | O130: 890.5943 | P130: 0 | Q130: 16748.936 | R130: =O130+E130+I130+J130+K130 -> 4798.5436 | S130: =F130+P130 -> 11950.393
A131: 2013 | B131: agosto | D131: 12652.761 | E131: 3116.9604 | F131: 9535.8003 | N131: 1691.2142 | O131: 1691.2142 | P131: 0 | Q131: 14343.975 | R131: =O131+E131+I131+J131+K131 -> 4808.1746 | S131: =F131+P131 -> 9535.8003
A132: 2013 | B132: septiembre | D132: 12549.89 | E132: 2624.1639 | F132: 9925.7257 | N132: 4716.4057 | O132: 4716.4057 | P132: 0 | Q132: 17266.295 | R132: =O132+E132+I132+J132+K132 -> 7340.5695 | S132: =F132+P132 -> 9925.7257
A133: 2013 | B133: octubre | D133: 14735.807 | E133: 1491.3135 | F133: 13244.493 | N133: 3319.8605 | O133: 3319.8605 | P133: 0 | Q133: 18055.667 | R133: =O133+E133+I133+J133+K133 -> 4811.1739 | S133: =F133+P133 -> 13244.493 | W133: =V133-Q133 -> -18055.667
A134: 2013 | B134: noviembre | D134: 17143.117 | E134: 2663.3091 | F134: 14479.808 | N134: 4699.8674 | O134: 4699.8674 | P134: 0 | Q134: 21842.984 | R134: =O134+E134+I134+J134+K134 -> 7363.1764 | S134: =F134+P134 -> 14479.808
A135: 2013 | B135: diciembre | D135: 18959.651 | E135: 4366.3215 | F135: 14593.33 | N135: 2468.6677 | O135: 2468.6677 | P135: 0 | Q135: 21428.319 | R135: =O135+E135+I135+J135+K135 -> 6834.9892 | S135: =F135+P135 -> 14593.33
A136: 2013 | B136: total | D136: 193704.99 | E136: 37661.546 | F136: 156043.44 | I136: 463.86265 | N136: 36175.643 | O136: =SUM(O124:O135) -> 36175.644 | P136: 0 | Q136: 230344.5 | R136: =O136+E136+I136+J136+K136 -> 74301.052 | S136: =F136+P136 -> 156043.44
A137: 2014 | B137: enero | C137: 0 | D137: 19268.051 | E137: 4532.6155 | F137: 14735.435 | G137: 0 | I137: 0 | J137: 0 | K137: 0 | N137: 4109.9519 | O137: 4109.9519 | P137: 0 | Q137: 23378.002 | R137: 8642.5674 | S137: 14735.435
A138: 2014 | B138: febrero | C138: 0 | D138: 19197.771 | E138: 5222.0958 | F138: 13975.675 | G138: 0 | I138: 0 | J138: 0 | K138: 0 | N138: 1129.7136 | O138: 1129.7136 | P138: 0 | Q138: 20327.484 | R138: 6351.8095 | S138: 13975.675
A139: 2014 | B139: marzo | C139: 0 | D139: 19336.771 | E139: 4772.3057 | F139: 14564.465 | G139: 0 | I139: 0 | J139: 0 | K139: 0 | N139: 2724.6155 | O139: 2724.6155 | P139: 0 | Q139: 22061.386 | R139: 7496.9212 | S139: 14564.465
A140: 2014 | B140: abril | C140: 0 | D140: 19663.348 | E140: 7536.7148 | F140: 12126.633 | G140: 0 | I140: 0 | J140: 0 | K140: 0 | N140: 3643.7028 | O140: 3643.7028 | P140: 0 | Q140: 23307.051 | R140: 11180.418 | S140: 12126.633
A141: 2014 | B141: mayo | C141: 0 | D141: 16535.003 | E141: 4332.0366 | F141: 12202.966 | G141: 0 | I141: 0 | J141: 0 | K141: 0 | N141: 1736.8263 | O141: 1736.8263 | P141: 0 | Q141: 18271.829 | R141: 6068.8629 | S141: 12202.966
...

Sheet América
D3: =Inicio!C4 -> Importaciones de gas natural por áreas geográficas y países
A4: =Inicio!$A$16 -> Actualizado el 14-09-2026 | I4: Unidad: gigavatio hora
C5: América
A6: Año | B6: Mes | C6: Argentina GNL | D6: Estados Unidos GNL | E6: Jamaica GNL | F6: México GNL | G6: Perú GNL | H6: Trinidad y Tobago GNL | I6: Total América GNL
A7: 2004 | B7: enero
A8: 2004 | B8: febrero
A9: 2004 | B9: marzo
A10: 2004 | B10: abril
A11: 2004 | B11: mayo
A12: 2004 | B12: junio
A13: 2004 | B13: julio
A14: 2004 | B14: agosto
A15: 2004 | B15: septiembre
A16: 2004 | B16: octubre
A17: 2004 | B17: noviembre
A18: 2004 | B18: diciembre
... A21: 2005 | B21: febrero
A22: 2005 | B22: marzo | H22: 1499.8499 | I22: 1499.8499
A23: 2005 | B23: abril
A24: 2005 | B24: mayo
A25: 2005 | B25: junio
A26: 2005 | B26: julio
A27: 2005 | B27: agosto
A28: 2005 | B28: septiembre
A29: 2005 | B29: octubre | H29: 616.30449 | I29: 616.30449
A30: 2005 | B30: noviembre | H30: 835.51528 | I30: 835.51528
A31: 2005 | B31: diciembre | H31: 1580.3357 | I31: 1580.3357
A32: 2005 | B32: total | H32: 4532.0053 | I32: 4532.0053
A33: 2006 | B33: enero | H33: 3423.3967 | I33: 3423.3967
A34: 2006 | B34: febrero | H34: 4738.7369 | I34: 4738.7369
A35: 2006 | B35: marzo | H35: 4324.7226 | I35: 4324.7226
A36: 2006 | B36: abril | H36: 3050.8692 | I36: 3050.8692
A37: 2006 | B37: mayo | H37: 2204.3317 | I37: 2204.3317
A38: 2006 | B38: junio | H38: 1907.1931 | I38: 1907.1931
A39: 2006 | B39: julio | H39: 3885.9681 | I39: 3885.9681
A40: 2006 | B40: agosto | H40: 2228.1254 | I40: 2228.1254
... A91: 2010 | B91: julio | H91: 3006.5008 | I91: 3006.5008
A92: 2010 | B92: agosto | G92: 3110.6807 | H92: 854.3308 | I92: 3965.0115
A93: 2010 | B93: septiembre | H93: 1550.6321 | I93: 1550.6321
A94: 2010 | B94: octubre | G94: 2076.5309 | H94: 5347.0929 | I94: 7423.6238
A95: 2010 | B95: noviembre | G95: 1976.3866 | H95: 2777.1554 | I95: 4753.542
A96: 2010 | B96: diciembre | H96: 2576.2145 | I96: 2576.2145
A97: 2010 | B97: total | G97: 7163.5982 | H97: 36972.34 | I97: 44135.938
A98: 2011 | B98: enero | H98: 3430.0054 | I98: 3430.0054
A99: 2011 | B99: febrero | H99: 3476.7449 | I99: 3476.7449
A100: 2011 | B100: marzo | H100: 4297.858 | I100: 4297.858
A101: 2011 | B101: abril | G101: 937.2181 | H101: 2660.5864 | I101: 3597.8045
A102: 2011 | B102: mayo | G102: 1071.294 | H102: 3434.344 | I102: 4505.6379
A103: 2011 | B103: junio | G103: 2150.5083 | H103: 1719.0655 | I103: 3869.5738
A104: 2011 | B104: julio | G104: 4150.4427 | H104: 903.33257 | I104: 5053.7753
A105: 2011 | B105: agosto | G105: 2144.1371 | H105: 1764.9604 | I105: 3909.0975
A106: 2011 | B106: septiembre | G106: 2045.3145 | H106: 883.4116 | I106: 2928.7261
A107: 2011 | B107: octubre | G107: 4334.1283 | H107: 1720.4533 | I107: 6054.5816
A108: 2011 | B108: noviembre | G108: 3030.2374 | H108: 822.67941 | I108: 3852.9168
A109: 2011 | B109: diciembre | G109: 2159.7325 | H109: 2572.2558 | I109: 4731.9883
A110: 2011 | B110: total | G110: 22023.013 | H110: 27685.697 | I110: 49708.71
A111: 2012 | B111: enero | G111: 2018.9459 | H111: 1634.5611 | I111: 3653.507
A112: 2012 | B112: febrero | G112: 2003.2769 | H112: 3318.3886 | I112: 5321.6655
... A124: 2013 | B124: enero | G124: 1126.9377 | H124: 2595.4224 | I124: 3722.3601
A125: 2013 | B125: febrero | H125: 2619.438 | I125: 2619.438
A126: 2013 | B126: marzo | H126: 2626.1434 | I126: 2626.1434
A127: 2013 | B127: abril | G127: 1070.8095 | H127: 3463.511 | I127: 4534.3205
A128: 2013 | B128: mayo | G128: 946.58501 | H128: 1717.0212 | I128: 2663.6062
A129: 2013 | B129: junio | G129: 2162.1959 | H129: 1688.4837 | I129: 3850.6797
A130: 2013 | B130: julio | G130: 3084.8557 | H130: 826.84967 | I130: 3911.7053
A131: 2013 | B131: agosto | G131: 1077.8543 | H131: 1730.8616 | I131: 2808.7159
A132: 2013 | B132: septiembre | G132: 2148.3904 | H132: 2610.309 | I132: 4758.6993
A133: 2013 | B133: octubre | G133: 2050.1581 | I133: 2050.1581
A134: 2013 | B134: noviembre | G134: 1079.4302 | H134: 2577.7188 | I134: 3657.1489
A135: 2013 | B135: diciembre | G135: 2150.8469 | H135: 871.52358 | I135: 3022.3705
A136: 2013 | B136: total | G136: 16898.064 | H136: 23327.282 | I136: 40225.346
A137: 2014 | B137: enero | C137: 0 | D137: 0 | G137: 2131.3669 | H137: 2622.3264 | I137: 4753.6933
A138: 2014 | B138: febrero | C138: 0 | D138: 0 | G138: 0 | H138: 2287.5915 | I138: 2287.5915
A139: 2014 | B139: marzo | C139: 0 | D139: 0 | G139: 2874.662 | H139: 1272.1386 | I139: 4146.8006
A140: 2014 | B140: abril | C140: 0 | D140: 0 | G140: 837.3234 | H140: 1717.3221 | I140: 2554.6455
A141: 2014 | B141: mayo | C141: 0 | D141: 0 | G141: 1707.3332 | H141: 859.60534 | I141: 2566.9385
A142: 2014 | B142: junio | C142: 0 | D142: 0 | G142: 1062.8316 | H142: 849.07026 | I142: 1911.9018
A143: 2014 | B143: julio | C143: 0 | D143: 0 | G143: 0 | H143: 2541.3637 | I143: 2541.3637
A144: 2014 | B144: agosto | C144: 0 | D144: 0 | G144: 1063.0047 | H144: 2513.9304 | I144: 3576.935
A145: 2014 | B145: septiembre | C145: 0 | D145: 0 | G145: 858.68251 | H145: 2735.5212 | I145: 3594.2037
A146: 2014 | B146: octubre | C146: 0 | D146: 0 | G146: 0 | H146: 1752.8312 | I146: 1752.8312
A147: 2014 | B147: noviembre | C147: 0 | D147: 0 | G147: 1702.1259 | H147: 1709.3315 | I147: 3411.4574
A148: 2014 | B148: diciembre | C148: 0 | D148: 0 | G148: 1734.1522 | H148: 1696.3305 | I148: 3430.4827
... A240: 2021 | B240: total | C240: 0 | D240: 60645.788 | G240: 864.77263 | H240: 12270.194 | I240: 73780.754
A241: 2022 | B241: enero | C241: 0 | D241: 13103.314 | E241: 0 | G241: 0 | H241: 839.699 | I241: 13943.013
A242: 2022 | B242: febrero | C242: 0 | D242: 12645.482 | E242: 0 | G242: 0 | H242: 1986.8182 | I242: 14632.3
A243: 2022 | B243: marzo | C243: 0 | D243: 16266.849 | E243: 0 | G243: 0 | H243: 1011.3597 | I243: 17278.208
A244: 2022 | B244: abril | C244: 0 | D244: 12459.712 | E244: 0 | G244: 0 | H244: 80.00838 | I244: 12539.72
A245: 2022 | B245: mayo | C245: 0 | D245: 12986.708 | E245: 0 | G245: 1079.5574 | H245: 0 | I245: 14066.265
A246: 2022 | B246: junio | C246: 0 | D246: 10618.153 | E246: 0 | G246: 0 | H246: 1071.7834 | I246: 11689.937
A247: 2022 | B247: julio | C247: 0 | D247: 8530.3993 | E247: 0 | G247: 0 | H247: 1541.9958 | I247: 10072.395
A248: 2022 | B248: agosto | C248: 0 | D248: 10073.889 | E248: 0 | G248: 0 | H248: 0 | I248: 10073.889
A249: 2022 | B249: septiembre | C249: 0 | D249: 5991.8661 | E249: 0 | G249: 0 | H249: 1420.1356 | I249: 7412.0018
A250: 2022 | B250: octubre | C250: 0 | D250: 6333.1804 | E250: 0 | G250: 0 | H250: 971.8539 | I250: 7305.0343
A251: 2022 | B251: noviembre | C251: 0 | D251: 7279.5716 | E251: 0 | G251: 839.95622 | H251: 1805.9158 | I251: 9925.4437
A252: 2022 | B252: diciembre | C252: 0 | D252: 12551.949 | E252: 0 | G252: 0 | H252: 1912.1706 | I252: 14464.119
A253: 2022 | B253: total | C253: 0 | D253: 128841.07 | E253: 0 | G253: 1919.5136 | H253: 12641.74 | I253: 143402.33
A254: 2023 | B254: enero | C254: 0 | D254: 7101.754 | E254: 0 | F254: 0 | G254: 0 | H254: 426.26879 | I254: 7528.0228
A255: 2023 | B255: febrero | C255: 0 | D255: 7188.5661 | E255: 0 | F255: 0 | G255: 0 | H255: 997.27103 | I255: 8185.8371
A256: 2023 | B256: marzo | C256: 0 | D256: 10045.23 | E256: 0 | F256: 0 | G256: 0 | H256: 978.6843 | I256: 11023.914
...

Sheet Europa y Euroasia
C3: =Inicio!C4 -> Importaciones de gas natural por áreas geográficas y países
A4: =Inicio!$A$16 -> Actualizado el 14-09-2026 | AA4: Unidad: gigavatio hora
C5: Europa
A6: Año | B6: Mes | C6: Bélgica | D6: Bélgica GNL | E6: Bélgica GN | F6: Francia | G6: Francia GNL | H6: Francia GN | I6: Gibraltar GNL | J6: Noruega | K6: Noruega GNL | L6: Noruega GN | M6: Países Bajos | N6: Países Bajos GNL | O6: Países Bajos GN | P6: Portugal | Q6: Portugal GNL | R6: Portugal GN | S6: Reino Unido | T6: Reino Unido GNL | U6: Reino Unido GN | V6: Rusia | W6: Rusia GNL | X6: Rusia GN | Y6: Total Europa y Euroasia | Z6: Europa y Euroasia GNL | AA6: Europa y Euroasia GN
A7: 2004 | B7: enero | J7: 2153.9588 | K7: 0 | L7: 2153.959 | Y7: 2153.9588 | Z7: =E7+G7+N7+K7+Q7 -> 0 | AA7: =H7+O7+L7+R7+X7+U7 -> 2153.959
A8: 2004 | B8: febrero | F8: 37.263 | G8: 37.263 | J8: 2137.8933 | K8: 0 | L8: 2137.8933 | M8: 10.322044 | O8: 10.322044 | S8: 4.4464188 | U8: 4.4464188 | V8: 19.373682 | X8: 19.373682 | Y8: 2209.2985 | Z8: =E8+G8+N8+K8+Q8 -> 37.263 | AA8: =H8+O8+L8+R8+X8+U8 -> 2172.0355
A9: 2004 | B9: marzo | G9: 0 | J9: 2269.9738 | K9: 0 | L9: 2269.9741 | M9: 6.6197342 | O9: 6.6197342 | S9: 2.8515778 | U9: 2.8515778 | V9: 12.424732 | X9: 12.424732 | Y9: 2291.8698 | Z9: =E9+G9+N9+K9+Q9 -> 0 | AA9: =H9+O9+L9+R9+X9+U9 -> 2291.8701
A10: 2004 | B10: abril | G10: 0 | J10: 2188.6465 | K10: 0 | L10: 2188.6468 | M10: 1.64554 | O10: 1.64554 | S10: 0.708848 | U10: 0.708848 | V10: 3.088552 | X10: 3.088552 | Y10: 2194.0895 | Z10: =E10+G10+N10+K10+Q10 -> 0 | AA10: =H10+O10+L10+R10+X10+U10 -> 2194.0898
A11: 2004 | B11: mayo | F11: 38.666 | G11: 38.666 | J11: 2251.8541 | K11: 0 | L11: 2251.8542 | M11: 2.0852192 | O11: 2.0852192 | S11: 0.89824829 | U11: 0.89824829 | V11: 3.9137961 | X11: 3.9137961 | Y11: 2297.4173 | Z11: =E11+G11+N11+K11+Q11 -> 38.666 | AA11: =H11+O11+L11+R11+X11+U11 -> 2258.7514
A12: 2004 | B12: junio | G12: 0 | J12: 2137.3001 | K12: 0 | L12: 2137.3002 | M12: 13.161373 | O12: 13.161373 | S12: 5.6695147 | U12: 5.6695147 | V12: 24.702885 | X12: 24.702885 | Y12: 2180.8338 | Z12: =E12+G12+N12+K12+Q12 -> 0 | AA12: =H12+O12+L12+R12+X12+U12 -> 2180.8339
A13: 2004 | B13: julio | F13: 38.235 | G13: 38.235 | J13: 2131.2794 | K13: 0 | L13: 2131.28 | Y13: 2169.5144 | Z13: =E13+G13+N13+K13+Q13 -> 38.235 | AA13: =H13+O13+L13+R13+X13+U13 -> 2131.28
A14: 2004 | B14: agosto | G14: 0 | J14: 1702.1257 | K14: 0 | L14: 1702.126 | Y14: 1702.1257 | Z14: =E14+G14+N14+K14+Q14 -> 0 | AA14: =H14+O14+L14+R14+X14+U14 -> 1702.126
A15: 2004 | B15: septiembre | G15: 0 | J15: 2135.4753 | K15: 0 | L15: 2135.4754 | M15: 4.8442525 | O15: 4.8442525 | S15: 2.0867549 | U15: 2.0867549 | V15: 9.0922894 | X15: 9.0922894 | Y15: 2151.4986 | Z15: =E15+G15+N15+K15+Q15 -> 0 | AA15: =H15+O15+L15+R15+X15+U15 -> 2151.4987
A16: 2004 | B16: octubre | G16: 0 | J16: 2285.1339 | K16: 0 | L16: 2285.1339 | M16: 13.600823 | O16: 13.600823 | S16: 5.8588159 | U16: 5.8588159 | V16: 25.527698 | X16: 25.527698 | Y16: 2330.1212 | Z16: =E16+G16+N16+K16+Q16 -> 0 | AA16: =H16+O16+L16+R16+X16+U16 -> 2330.1213
A17: 2004 | B17: noviembre | F17: 73.5 | G17: 73.5 | J17: 2210.912 | K17: 0 | L17: 2210.912 | M17: 13.175168 | O17: 13.175168 | S17: 5.6754569 | U17: 5.6754569 | V17: 24.728776 | X17: 24.728776 | Y17: 2327.9914 | Z17: =E17+G17+N17+K17+Q17 -> 73.5 | AA17: =H17+O17+L17+R17+X17+U17 -> 2254.4914
A18: 2004 | B18: diciembre | J18: 2279.6882 | K18: 0 | L18: 2279.688 | M18: 13.585016 | O18: 13.585016 | S18: 5.8520068 | U18: 5.8520068 | V18: 25.49803 | X18: 25.49803 | Y18: 2324.6233 | Z18: =E18+G18+N18+K18+Q18 -> 0 | AA18: =H18+O18+L18+R18+X18+U18 -> 2324.6231
A19: 2004 | B19: total | F19: 187.664 | G19: 187.664 | J19: 25884.241 | K19: =SUM(K7:K18) -> 0 | L19: =SUM(L7:L18) -> 25884.243 | M19: 79.039169 | O19: 79.039169 | S19: 34.047642 | U19: 34.047642 | V19: 148.35044 | X19: 148.35044 | Y19: 26333.342 | Z19: =E19+G19+N19+K19+Q19 -> 187.664 | AA19: =H19+O19+L19+R19+X19+U19 -> 26145.68
A20: 2005 | B20: enero | F20: 63.75 | G20: 63.75 | J20: 2262.1122 | K20: 0 | L20: 2262.112 | Y20: 2325.8622 | Z20: =E20+G20+N20+K20+Q20 -> 63.75 | AA20: =H20+O20+L20+R20+X20 -> 2262.112
A21: 2005 | B21: febrero | J21: 2046.6952 | K21: 0 | L21: 2046.695 | Y21: 2046.6952 | Z21: =E21+G21+N21+K21+Q21 -> 0 | AA21: =H21+O21+L21+R21+X21 -> 2046.695
A22: 2005 | B22: marzo | F22: 56.393 | G22: 56.393 | J22: 2249.548 | K22: 0 | L22: 2249.548 | Y22: 2305.941 | Z22: =E22+G22+N22+K22+Q22 -> 56.393 | AA22: =H22+O22+L22+R22+X22 -> 2249.548
A23: 2005 | B23: abril | F23: 55.273 | G23: 55.273 | J23: 2188.0941 | K23: 0 | L23: 2188.094 | Y23: 2243.3671 | Z23: =E23+G23+N23+K23+Q23 -> 55.273 | AA23: =H23+O23+L23+R23+X23 -> 2188.094
A24: 2005 | B24: mayo | J24: 2058.7623 | K24: 0 | L24: 2058.762 | Y24: 2058.7623 | Z24: =E24+G24+N24+K24+Q24 -> 0 | AA24: =H24+O24+L24+R24+X24 -> 2058.762
A25: 2005 | B25: junio | F25: 43.783774 | G25: 37.943 | H25: 5.84077 | J25: 2153.5524 | K25: 0 | L25: 2153.553 | Y25: 2197.3362 | Z25: =E25+G25+N25+K25+Q25 -> 37.943 | AA25: =H25+O25+L25+R25+X25 -> 2159.3938
A26: 2005 | B26: julio | F26: 359.65589 | G26: 359.6559 | J26: 1683.0372 | K26: 0 | L26: 1683.037 | Y26: 2042.6931 | Z26: =E26+G26+N26+K26+Q26 -> 359.6559 | AA26: =H26+O26+L26+R26+X26 -> 1683.037
A27: 2005 | B27: agosto | F27: 11.946093 | H27: 11.94609 | J27: 1430.5126 | K27: 0 | L27: 1430.513 | Y27: 1442.4587 | Z27: =E27+G27+N27+K27+Q27 -> 0 | AA27: =H27+O27+L27+R27+X27 -> 1442.4591
A28: 2005 | B28: septiembre | F28: 246.03386 | G28: 230.0339 | H28: 16 | J28: 1952.1245 | K28: 0 | L28: 1952.125 | Y28: 2198.1583 | Z28: =E28+G28+N28+K28+Q28 -> 230.0339 | AA28: =H28+O28+L28+R28+X28 -> 1968.125
A29: 2005 | B29: octubre | J29: 2262.6967 | K29: 0 | L29: 2262.697 | Y29: 2262.6967 | Z29: =E29+G29+N29+K29+Q29 -> 0 | AA29: =H29+O29+L29+R29+X29 -> 2262.697
A30: 2005 | B30: noviembre | J30: 2173.724 | K30: 0 | L30: 2173.724 | Y30: 2173.724 | Z30: =E30+G30+N30+K30+Q30 -> 0 | AA30: =H30+O30+L30+R30+X30 -> 2173.724
A31: 2005 | B31: diciembre | J31: 2262.01 | K31: 0 | L31: 2262.01 | Y31: 2262.01 | Z31: =E31+G31+N31+K31+Q31 -> 0 | AA31: =H31+O31+L31+R31+X31 -> 2262.01
A32: 2005 | B32: total | F32: 836.83562 | G32: 803.0488 | H32: 33.78686 | J32: 24722.869 | K32: =SUM(K20:K31) -> 0 | L32: =SUM(L20:L31) -> 24722.87 | Y32: 25559.705 | Z32: =E32+G32+N32+K32+Q32 -> 803.0488 | AA32: =H32+O32+L32+R32+X32 -> 24756.657
A33: 2006 | B33: enero | F33: 124 | H33: 124 | J33: 2255.2171 | K33: 0 | L33: 2255.217 | Y33: 2379.2171 | Z33: =E33+G33+N33+K33+Q33 -> 0 | AA33: =H33+O33+L33+R33+X33 -> 2379.217
A34: 2006 | B34: febrero | F34: 112 | H34: 112 | J34: 2043.8492 | K34: 0 | L34: 2043.849 | Y34: 2155.8492 | Z34: =E34+G34+N34+K34+Q34 -> 0 | AA34: =H34+O34+L34+R34+X34 -> 2155.849
A35: 2006 | B35: marzo | F35: 248.39869 | H35: 248.3987 | J35: 2235.0571 | K35: 0 | L35: 2235.057 | Y35: 2483.4558 | Z35: =E35+G35+N35+K35+Q35 -> 0 | AA35: =H35+O35+L35+R35+X35 -> 2483.4557
A36: 2006 | B36: abril | F36: 126.68739 | H36: 126.6874 | J36: 1021.764 | K36: 0 | L36: 1021.764 | Y36: 1148.4514 | Z36: =E36+G36+N36+K36+Q36 -> 0 | AA36: =H36+O36+L36+R36+X36 -> 1148.4514
A37: 2006 | B37: mayo | F37: 123.45705 | H37: 123.4571 | J37: 2215.2003 | K37: 0 | L37: 2215.2 | Y37: 2338.6574 | Z37: =E37+G37+N37+K37+Q37 -> 0 | AA37: =H37+O37+L37+R37+X37 -> 2338.6571
A38: 2006 | B38: junio | F38: 119.339 | H38: 119.339 | J38: 1978.5108 | K38: 0 | L38: 1978.511 | Y38: 2097.8498 | Z38: =E38+G38+N38+K38+Q38 -> 0 | AA38: =H38+O38+L38+R38+X38 -> 2097.85
A39: 2006 | B39: julio | J39: 2042.6012 | K39: 0 | L39: 2042.601 | Y39: 2042.6012 | Z39: =E39+G39+N39+K39+Q39 -> 0 | AA39: =H39+O39+L39+R39+X39 -> 2042.601
A40: 2006 | B40: agosto | J40: 2003.8353 | K40: 0 | L40: 2003.835 | Y40: 2003.8353 | Z40: =E40+G40+N40+K40+Q40 -> 0 | AA40: =H40+O40+L40+R40+X40 -> 2003.835
A41: 2006 | B41: septiembre | J41: 2188.9251 | K41: 0 | L41: 2188.925 | Y41: 2188.9251 | Z41: =E41+G41+N41+K41+Q41 -> 0 | AA41: =H41+O41+L41+R41+X41 -> 2188.925
A42: 2006 | B42: octubre | J42: 2043.2737 | K42: 0 | L42: 2043.274 | Y42: 2043.2737 | Z42: =E42+G42+N42+K42+Q42 -> 0 | AA42: =H42+O42+L42+R42+X42 -> 2043.274
A43: 2006 | B43: noviembre | J43: 1696.0913 | K43: 0 | L43: 1696.091 | Y43: 1696.0913 | Z43: =E43+G43+N43+K43+Q43 -> 0 | AA43: =H43+O43+L43+R43+X43 -> 1696.091
A44: 2006 | B44: diciembre | F44: 9.231815 | H44: 9.23182 | J44: 2043.2737 | K44: 0 | L44: 2043.274 | Y44: 2052.5056 | Z44: =E44+G44+N44+K44+Q44 -> 0 | AA44: =H44+O44+L44+R44+X44 -> 2052.5058
A45: 2006 | B45: total | F45: 863.11395 | H45: 863.11402 | J45: 23767.599 | K45: =SUM(K33:K44) -> 0 | L45: =SUM(L33:L44) -> 23767.598 | Y45: 24630.713 | Z45: =E45+G45+N45+K45+Q45 -> 0 | AA45: =H45+O45+L45+R45+X45 -> 24630.712
A46: 2007 | B46: enero | F46: 94.677 | H46: 94.677 | J46: 2270.635 | K46: 0 | L46: 2270.635 | Y46: 2365.312 | Z46: =E46+G46+N46+K46+Q46 -> 0 | AA46: =H46+O46+L46+R46+X46 -> 2365.312
A47: 2007 | B47: febrero | F47: 246.61843 | H47: 246.6184 | J47: 1845.5376 | K47: 0 | L47: 1845.538 | Y47: 2092.156 | Z47: =E47+G47+N47+K47+Q47 -> 0 | AA47: =H47+O47+L47+R47+X47 -> 2092.1564
A48: 2007 | B48: marzo | F48: 103.23 | H48: 103.23 | J48: 2261.7026 | K48: 0 | L48: 2261.703 | Y48: 2364.9326 | Z48: =E48+G48+N48+K48+Q48 -> 0 | AA48: =H48+O48+L48+R48+X48 -> 2364.933
A49: 2007 | B49: abril | F49: 103.23 | H49: 103.23 | J49: 2191.6903 | K49: 0 | L49: 2191.69 | Y49: 2294.9203 | Z49: =E49+G49+N49+K49+Q49 -> 0 | AA49: =H49+O49+L49+R49+X49 -> 2294.92
A50: 2007 | B50: mayo | F50: 109.84296 | H50: 109.84296 | J50: 2264.7466 | K50: 0 | L50: 2264.747 | Y50: 2374.5896 | Z50: =E50+G50+N50+K50+Q50 -> 0 | AA50: =H50+O50+L50+R50+X50 -> 2374.59
A51: 2007 | B51: junio | F51: 132.98394 | H51: 132.98394 | J51: 2191.6903 | K51: 0 | L51: 2191.69 | Y51: 2324.6742 | Z51: =E51+G51+N51+K51+Q51 -> 0 | AA51: =H51+O51+L51+R51+X51 -> 2324.6739
A52: 2007 | B52: julio | F52: 103.23 | H52: 103.23 | J52: 2264.7466 | K52: 0 | L52: 2264.747 | Y52: 2367.9766 | Z52: =E52+G52+N52+K52+Q52 -> 0 | AA52: =H52+O52+L52+R52+X52 -> 2367.977
A53: 2007 | B53: agosto | F53: 103.15774 | H53: 103.1577 | J53: 2261.6762 | K53: 0 | L53: 2261.676 | Y53: 2364.8339 | Z53: =E53+G53+N53+K53+Q53 -> 0 | AA53: =H53+O53+L53+R53+X53 -> 2364.8337
A54: 2007 | B54: septiembre | F54: 118.37187 | H54: 118.37187 | J54: 1779.9415 | K54: 0 | L54: 1779.942 | Y54: 1898.3133 | Z54: =E54+G54+N54+K54+Q54 -> 0 | AA54: =H54+O54+L54+R54+X54 -> 1898.3139
A55: 2007 | B55: octubre | F55: 21.418761 | H55: 21.41876 | J55: 2267.7906 | K55: 0 | L55: 2267.791 | Y55: 2289.2094 | Z55: =E55+G55+N55+K55+Q55 -> 0 | AA55: =H55+O55+L55+R55+X55 -> 2289.2098
A56: 2007 | B56: noviembre | J56: 1941.0188 | K56: 0 | L56: 1941.019 | Y56: 1941.0188 | Z56: =E56+G56+N56+K56+Q56 -> 0 | AA56: =H56+O56+L56+R56+X56 -> 1941.019
A57: 2007 | B57: diciembre | F57: 26.127638 | H57: 26.12764 | J57: 2687.7529 | K57: 966.3764 | L57: 1721.377 | Y57: 2713.8805 | Z57: =E57+G57+N57+K57+Q57 -> 966.3764 | AA57: =H57+O57+L57+R57+X57 -> 1747.5046
A58: 2007 | B58: total | F58: 1162.8883 | H58: 1162.8883 | J58: 26228.929 | K58: =SUM(K46:K57) -> 966.3764 | L58: =SUM(L46:L57) -> 25262.555 | Y58: 27391.817 | Z58: =E58+G58+N58+K58+Q58 -> 966.3764 | AA58: =H58+O58+L58+R58+X58 -> 26425.443
A59: 2008 | B59: enero | F59: 284.859 | H59: 284.859 | J59: 1769.834 | K59: 0 | L59: 1769.834 | Y59: 2054.693 | Z59: =E59+G59+N59+K59+Q59 -> 0 | AA59: =H59+O59+L59+R59+X59 -> 2054.693
A60: 2008 | B60: febrero | F60: 279.66035 | H60: 279.66038 | J60: 1911.8029 | K60: 0 | L60: 1911.803 | Y60: 2191.4633 | Z60: =E60+G60+N60+K60+Q60 -> 0 | AA60: =H60+O60+L60+R60+X60 -> 2191.4634
A61: 2008 | B61: marzo | F61: 295.64805 | H61: 295.64805 | J61: 1821.3459 | K61: 0 | L61: 1821.346 | Y61: 2116.9939 | Z61: =E61+G61+N61+K61+Q61 -> 0 | AA61: =H61+O61+L61+R61+X61 -> 2116.9941
A62: 2008 | B62: abril | F62: 196.0497 | H62: 196.0497 | J62: 2519.641 | K62: 340.274 | L62: 2179.367 | Y62: 2715.6907 | Z62: =E62+G62+N62+K62+Q62 -> 340.274 | AA62: =H62+O62+L62+R62+X62 -> 2375.4167
A63: 2008 | B63: mayo | F63: 159.68449 | H63: 159.6845 | J63: 2921.2158 | K63: 638.7014 | L63: 2282.515 | Y63: 3080.9003 | Z63: =E63+G63+N63+K63+Q63 -> 638.7014 | AA63: =H63+O63+L63+R63+X63 -> 2442.1995
A64: 2008 | B64: junio | F64: 1.553964 | H64: 1.55396 | J64: 2117.5174 | K64: 0 | L64: 2117.518 | Y64: 2119.0714 | Z64: =E64+G64+N64+K64+Q64 -> 0 | AA64: =H64+O64+L64+R64+X64 -> 2119.072
A65: 2008 | B65: julio | K65: 0 | L65: 0 | Z65: =E65+G65+N65+K65+Q65 -> 0 | AA65: =H65+O65+L65+R65+X65 -> 0
A66: 2008 | B66: agosto | C66: 862.39082 | D66: 862.39082 | J66: 2399.403 | K66: 949.9174 | L66: 1449.486 | Y66: 3261.7938 | Z66: =E66+G66+N66+K66+Q66 -> 949.9174 | AA66: =H66+O66+L66+R66+X66 -> 1449.486
A67: 2008 | B67: septiembre | C67: 835.67138 | D67: 835.67138 | F67: 37.32078 | H67: 37.32078 | J67: 4291.2936 | K67: 2816.0437 | L67: 1475.25 | Y67: 5164.2858 | Z67: =E67+G67+N67+K67+Q67 -> 2816.0437 | AA67: =H67+O67+L67+R67+X67 -> 1512.5708
A68: 2008 | B68: octubre | F68: 68.177 | H68: 68.177 | J68: 2813.6381 | K68: 982.6413 | L68: 1830.997 | Y68: 2881.8151 | Z68: =E68+G68+N68+K68+Q68 -> 982.6413 | AA68: =H68+O68+L68+R68+X68 -> 1899.174
A69: 2008 | B69: noviembre | F69: 119.98113 | H69: 119.9811 | J69: 3856.5989 | K69: 1894.5458 | L69: 1962.053 | Y69: 3976.5801 | Z69: =E69+G69+N69+K69+Q69 -> 1894.5458 | AA69: =H69+O69+L69+R69+X69 -> 2082.0341
A70: 2008 | B70: diciembre | C70: 270.86334 | D70: 270.86334 | F70: 62.1612 | H70: 62.1612 | J70: 5856.502 | K70: 3829.047 | L70: 2027.455 | Y70: 6189.5265 | Z70: =E70+G70+N70+K70+Q70 -> 3829.047 | AA70: =H70+O70+L70+R70+X70 -> 2089.6162
A71: 2008 | B71: total | C71: 1968.9255 | D71: 1968.9255 | F71: 1505.0957 | H71: 1505.0957 | J71: 32278.793 | K71: =SUM(K59:K70) -> 11451.171 | L71: =SUM(L59:L70) -> 20827.624 | Y71: 35752.814 | Z71: =E71+G71+N71+K71+Q71 -> 11451.171 | AA71: =H71+O71+L71+R71+X71 -> 22332.72
A72: 2009 | B72: enero | J72: 2749.0694 | K72: 721.6144 | L72: 2027.455 | Y72: 2749.0694 | Z72: =E72+G72+N72+K72+Q72 -> 721.6144 | AA72: =H72+O72+L72+R72+X72 -> 2027.455
A73: 2009 | B73: febrero | F73: 213.3533 | H73: 213.3533 | J73: 3993.5716 | K73: 2162.3216 | L73: 1831.25 | Y73: 4206.9249 | Z73: =E73+G73+N73+K73+Q73 -> 2162.3216 | AA73: =H73+O73+L73+R73+X73 -> 2044.6033
A74: 2009 | B74: marzo | J74: 4972.9238 | K74: 2948.1938 | L74: 2024.73 | Y74: 4972.9238 | Z74: =E74+G74+N74+K74+Q74 -> 2948.1938 | AA74: =H74+O74+L74+R74+X74 -> 2024.73
A75: 2009 | B75: abril | F75: 63.49402 | H75: 63.49402 | J75: 2923.958 | K75: 971.99804 | L75: 1951.96 | Y75: 2987.4521 | Z75: =E75+G75+N75+K75+Q75 -> 971.99804 | AA75: =H75+O75+L75+R75+X75 -> 2015.454
A76: 2009 | B76: mayo | F76: 107.11837 | H76: 107.11837 | J76: 3463.2704 | K76: 1895.8271 | L76: 1567.4433 | Y76: 3570.3888 | Z76: =E76+G76+N76+K76+Q76 -> 1895.8271 | AA76: =H76+O76+L76+R76+X76 -> 1674.5617
A77: 2009 | B77: junio | F77: 89.48055 | H77: 89.48055 | J77: 4472.9406 | K77: 2837.2429 | L77: 1635.6977 | Y77: 4562.4212 | Z77: =E77+G77+N77+K77+Q77 -> 2837.2429 | AA77: =H77+O77+L77+R77+X77 -> 1725.1782
A78: 2009 | B78: julio | F78: 319.34074 | H78: 319.34074 | J78: 3906.5003 | K78: 1879.0453 | L78: 2027.455 | Y78: 4225.8411 | Z78: =E78+G78+N78+K78+Q78 -> 1879.0453 | AA78: =H78+O78+L78+R78+X78 -> 2346.7957
A79: 2009 | B79: agosto | F79: 284.38231 | H79: 284.38231 | J79: 3361.6667 | K79: 1459.987 | L79: 1901.6797 | Y79: 3646.049 | Z79: =E79+G79+N79+K79+Q79 -> 1459.987 | AA79: =H79+O79+L79+R79+X79 -> 2186.062
A80: 2009 | B80: septiembre | F80: 252.63791 | H80: 252.63791 | J80: 1833.2936 | K80: 0 | L80: 1833.2936 | Y80: 2085.9315 | Z80: =E80+G80+N80+K80+Q80 -> 0 | AA80: =H80+O80+L80+R80+X80 -> 2085.9315
A81: 2009 | B81: octubre | F81: 164.34558 | H81: 164.34558 | J81: 1850.4082 | K81: 0 | L81: 1850.4082 | Y81: 2014.7538 | Z81: =E81+G81+N81+K81+Q81 -> 0 | AA81: =H81+O81+L81+R81+X81 -> 2014.7538
A82: 2009 | B82: noviembre | J82: 2659.4958 | K82: 883.14323 | L82: 1776.3526 | Y82: 2659.4958 | Z82: =E82+G82+N82+K82+Q82 -> 883.14323 | AA82: =H82+O82+L82+R82+X82 -> 1776.3526
A83: 2009 | B83: diciembre | C83: 872.95297 | D83: 872.95297 | F83: 80.6 | H83: 80.6 | J83: 1924.7679 | K83: 0 | L83: 1924.7679 | Y83: 2878.3209 | Z83: =E83+G83+N83+K83+Q83 -> 0 | AA83: =H83+O83+L83+R83+X83 -> 2005.3679
A84: 2009 | B84: total | C84: 872.95297 | D84: 872.95297 | F84: 1574.7528 | H84: =SUM(H72:H83) -> 1574.7528 | J84: 38111.867 | K84: =SUM(K72:K83) -> 15759.373 | L84: =SUM(L72:L83) -> 22352.493 | Y84: 40559.572 | Z84: =E84+G84+N84+K84+Q84 -> 15759.373 | AA84: =H84+O84+L84+R84+X84 -> 23927.246
A85: 2010 | B85: enero | C85: 875.93829 | D85: 875.93829 | F85: 185.345 | H85: 185.345 | J85: 4550.5226 | K85: 2824.6705 | L85: 1725.8521 | Y85: 5611.8059 | Z85: =E85+G85+N85+K85+Q85 -> 2824.6705 | AA85: =H85+O85+L85+R85+X85 -> 1911.1971
A86: 2010 | B86: febrero | F86: 228.6097 | H86: 228.6097 | J86: 2350.9207 | K86: 959.62061 | L86: 1391.3001 | Y86: 2579.5304 | Z86: =E86+G86+N86+K86+Q86 -> 959.62061 | AA86: =H86+O86+L86+R86+X86 -> 1619.9098
A87: 2010 | B87: marzo | F87: 253.0105 | H87: 253.0105 | J87: 2630.633 | K87: 969.17821 | L87: 1661.4547 | Y87: 2883.6435 | Z87: =E87+G87+N87+K87+Q87 -> 969.17821 | AA87: =H87+O87+L87+R87+X87 -> 1914.4652
A88: 2010 | B88: abril | F88: 34.08408 | H88: 34.08408 | J88: 1943.7666 | K88: 950.87486 | L88: 992.89175 | Y88: 1977.8507 | Z88: =E88+G88+N88+K88+Q88 -> 950.87486 | AA88: =H88+O88+L88+R88+X88 -> 1026.9758
A89: 2010 | B89: mayo | F89: 35.22022 | H89: 35.22022 | J89: 4151.6553 | K89: 2805.5671 | L89: 1346.0882 | Y89: 4186.8756 | Z89: =E89+G89+N89+K89+Q89 -> 2805.5671 | AA89: =H89+O89+L89+R89+X89 -> 1381.3085
A90: 2010 | B90: junio | F90: 94.23608 | H90: 94.23608 | J90: 4402.8403 | K90: 2770.096 | L90: 1632.7442 | Y90: 4497.0764 | Z90: =E90+G90+N90+K90+Q90 -> 2770.096 | AA90: =H90+O90+L90+R90+X90 -> 1726.9803
A91: 2010 | B91: julio | F91: 71.141 | H91: 71.141 | J91: 4925.0965 | K91: 3752.3547 | L91: 1172.7418 | Y91: 4996.2375 | Z91: =E91+G91+N91+K91+Q91 -> 3752.3547 | AA91: =H91+O91+L91+R91+X91 -> 1243.8828
A92: 2010 | B92: agosto | F92: 8.30709 | H92: 8.30709 | J92: 1177.2533 | K92: 932.26485 | L92: 244.98842 | Y92: 1185.5604 | Z92: =E92+G92+N92+K92+Q92 -> 932.26485 | AA92: =H92+O92+L92+R92+X92 -> 253.29551
A93: 2010 | B93: septiembre | F93: 178.72566 | H93: 178.72566 | J93: 1954.518 | K93: 956.24969 | L93: 998.26833 | Y93: 2133.2437 | Z93: =E93+G93+N93+K93+Q93 -> 956.24969 | AA93: =H93+O93+L93+R93+X93 -> 1176.994
A94: 2010 | B94: octubre | F94: 227.98446 | H94: 227.98446 | J94: 1896.2326 | K94: 0 | L94: 1896.2326 | Y94: 2124.2171 | Z94: =E94+G94+N94+K94+Q94 -> 0 | AA94: =H94+O94+L94+R94+X94 -> 2124.2171
A95: 2010 | B95: noviembre | F95: 254.75037 | H95: 254.75037 | J95: 4688.6048 | K95: 2825.9262 | L95: 1862.6786 | Y95: 4943.3552 | Z95: =E95+G95+N95+K95+Q95 -> 2825.9262 | AA95: =H95+O95+L95+R95+X95 -> 2117.429
A96: 2010 | B96: diciembre | F96: 279.7254 | H96: 279.7254 | J96: 2953.4989 | K96: 926.28284 | L96: 2027.2161 | Y96: 3233.2243 | Z96: =E96+G96+N96+K96+Q96 -> 926.28284 | AA96: =H96+O96+L96+R96+X96 -> 2306.9415
A97: 2010 | B97: total | C97: 875.93829 | D97: 875.93829 | F97: 1851.1396 | H97: =SUM(H85:H96) -> 1851.1396 | J97: 37625.543 | K97: =SUM(K85:K96) -> 20673.086 | L97: =SUM(L85:L96) -> 16952.457 | Y97: 40352.621 | Z97: =E97+G97+N97+K97+Q97 -> 20673.086 | AA97: =H97+O97+L97+R97+X97 -> 18803.597
A98: 2011 | B98: enero | F98: 86.2236 | H98: 86.2236 | J98: 1856.3906 | K98: 0 | L98: 1856.3906 | Y98: 1942.6142 | Z98: =E98+G98+N98+K98+Q98 -> 0 | AA98: =H98+O98+L98+R98+X98 -> 1942.6142
A99: 2011 | B99: febrero | F99: 272.91777 | H99: 272.91777 | J99: 4622.7461 | K99: 2893.0689 | L99: 1729.6772 | Y99: 4895.6638 | Z99: =E99+G99+N99+K99+Q99 -> 2893.0689 | AA99: =H99+O99+L99+R99+X99 -> 2002.5949
A100: 2011 | B100: marzo | F100: 223.8413 | H100: 223.8413 | J100: 4314.0489 | K100: 2771.7188 | L100: 1542.3301 | Y100: 4537.8902 | Z100: =E100+G100+N100+K100+Q100 -> 2771.7188 | AA100: =H100+O100+L100+R100+X100 -> 1766.1714
A101: 2011 | B101: abril | F101: 93.889 | H101: 93.889 | J101: 2895.4384 | K101: 1852.1313 | L101: 1043.3072 | Y101: 2989.3274 | Z101: =E101+G101+N101+K101+Q101 -> 1852.1313 | AA101: =H101+O101+L101+R101+X101 -> 1137.1961
A102: 2011 | B102: mayo | F102: 102.72733 | H102: 102.72733 | J102: 2129.9689 | K102: 939.99467 | L102: 1189.9742 | P102: 1.835 | Q102: 1.835 | R102: 0 | Y102: 2234.5312 | Z102: =E102+G102+N102+K102+Q102 -> 941.82967 | AA102: =H102+O102+L102+R102+X102 -> 1292.7015
...

Sheet Oriente Medio
C3: =Inicio!C4 -> Importaciones de gas natural por áreas geográficas y países
A4: =Inicio!$A$16 -> Actualizado el 14-09-2026 | G4: Unidad: gigavatio hora
C5: Oriente Medio
A6: Año | B6: Mes | C6: EAU GNL | D6: Omán GNL | E6: Qatar GNL | F6: Yemen GNL | G6: Total OM GNL
A7: 2004 | B7: enero | E7: 3079.5713 | G7: 3079.5713
A8: 2004 | B8: febrero | D8: 922.02128 | E8: 2474.5893 | G8: 3396.6106
A9: 2004 | B9: marzo | C9: 930.76397 | E9: 1772.867 | G9: 2703.631
A10: 2004 | B10: abril | D10: 937.25585 | E10: 3229.7107 | G10: 4166.9666
A11: 2004 | B11: mayo | C11: 919.43697 | D11: 1442.4969 | E11: 5032.2867 | G11: 7394.2205
A12: 2004 | B12: junio | D12: 2704.819 | E12: 4276.6913 | G12: 6981.5103
A13: 2004 | B13: julio | D13: 909.43 | E13: 6227.5386 | G13: 7136.9686
A14: 2004 | B14: agosto | C14: 914.3799 | D14: 971.76728 | E14: 4378.9525 | G14: 6265.0997
A15: 2004 | B15: septiembre | D15: 1836.0294 | E15: 4385.8424 | G15: 6221.8718
A16: 2004 | B16: octubre | E16: 3201.5102 | G16: 3201.5102
A17: 2004 | B17: noviembre | D17: 2718.3029 | E17: 4074.5101 | G17: 6792.8129
A18: 2004 | B18: diciembre | C18: 907.84452 | D18: 1845.7956 | E18: 2549.5411 | G18: 5303.1812
A19: 2004 | B19: total | C19: 3672.4254 | D19: 14287.918 | E19: 44683.611 | G19: 62643.955
A20: 2005 | B20: enero | C20: 929.00525 | D20: 1823.5206 | E20: 4301.9349 | G20: 7054.4608
A21: 2005 | B21: febrero | C21: 908.65111 | D21: 1748.2218 | E21: 3711.8448 | G21: 6368.7177
A22: 2005 | B22: marzo | C22: 920.90715 | D22: 1627.5263 | E22: 3436.9731 | G22: 5985.4066
A23: 2005 | B23: abril | D23: 1776.8265 | E23: 5294.22 | G23: 7071.0464
A24: 2005 | B24: mayo | D24: 376.78073 | E24: 5468.7582 | G24: 5845.5389
A25: 2005 | B25: junio | D25: 1917.0832 | E25: 5036.7295 | G25: 6953.8126
A26: 2005 | B26: julio | D26: 2399.8331 | E26: 4892.8305 | G26: 7292.6636
A27: 2005 | B27: agosto | D27: 924.67049 | E27: 5760.963 | G27: 6685.6335
A28: 2005 | B28: septiembre | D28: 1851.3726 | E28: 6212.8716 | G28: 8064.2442
A29: 2005 | B29: octubre | D29: 2499.5093 | E29: 3941.1337 | G29: 6440.643
A30: 2005 | B30: noviembre | D30: 290 | E30: 3733.4382 | G30: 4023.4382
A31: 2005 | B31: diciembre | D31: 2588.7175 | E31: 2563.2697 | G31: 5151.9871
A32: 2005 | B32: total | C32: 2758.5635 | D32: 19824.062 | E32: 54354.967 | G32: 76937.593
A33: 2006 | B33: enero | D33: 993.90399 | E33: 4338.5477 | G33: 5332.4517
A34: 2006 | B34: febrero | D34: 1893.2641 | E34: 3087.1557 | G34: 4980.4198
A35: 2006 | B35: marzo | D35: 990.11776 | E35: 3443.8572 | G35: 4433.9749
A36: 2006 | B36: abril | D36: 801.37448 | E36: 5534.1148 | G36: 6335.4893
A37: 2006 | B37: mayo | E37: 5872.105 | G37: 5872.105
A38: 2006 | B38: junio | E38: 6269.1371 | G38: 6269.1371
A39: 2006 | B39: julio | D39: 1904.64 | E39: 8427.607 | G39: 10332.247
A40: 2006 | B40: agosto | E40: 6404.3792 | G40: 6404.3792
A41: 2006 | B41: septiembre | E41: 4467.2736 | G41: 4467.2736
A42: 2006 | B42: octubre | D42: 1470.6379 | E42: 4947.1735 | G42: 6417.8115
A43: 2006 | B43: noviembre | D43: 1620.9016 | E43: 3652.6698 | G43: 5273.5715
A44: 2006 | B44: diciembre | E44: 6158.4473 | G44: 6158.4473
A45: 2006 | B45: total | D45: 9674.8398 | E45: 62602.468 | G45: 72277.308
A46: 2007 | B46: enero | E46: 5546.1738 | G46: 5546.1738
A47: 2007 | B47: febrero | E47: 4010.3649 | G47: 4010.3649
A48: 2007 | B48: marzo | E48: 4281.8117 | G48: 4281.8117
A49: 2007 | B49: abril | E49: 3010.1186 | G49: 3010.1186
A50: 2007 | B50: mayo | E50: 5305.6965 | G50: 5305.6965
A51: 2007 | B51: junio | E51: 4126.5588 | G51: 4126.5588
A52: 2007 | B52: julio | D52: 952.762 | E52: 4585.3486 | G52: 5538.1106
A53: 2007 | B53: agosto | E53: 3383.2319 | G53: 3383.2319
A54: 2007 | B54: septiembre | E54: 4337.5327 | G54: 4337.5327
A55: 2007 | B55: octubre | E55: 3478.593 | G55: 3478.593
A56: 2007 | B56: noviembre | E56: 5484.9377 | G56: 5484.9377
A57: 2007 | B57: diciembre | E57: 5123.0937 | G57: 5123.0937
A58: 2007 | B58: total | D58: 952.762 | E58: 52673.462 | G58: 53626.224
A59: 2008 | B59: enero | E59: 6537.3267 | G59: 6537.3267
A60: 2008 | B60: febrero | E60: 4519.6157 | G60: 4519.6157
A61: 2008 | B61: marzo | E61: 5237.6456 | G61: 5237.6456
A62: 2008 | B62: abril | E62: 3949.2482 | G62: 3949.2482
A63: 2008 | B63: mayo | E63: 4558.5509 | G63: 4558.5509
A64: 2008 | B64: junio | E64: 4790.6226 | G64: 4790.6226
A65: 2008 | B65: julio | E65: 4494.3367 | G65: 4494.3367
A66: 2008 | B66: agosto | E66: 3511.6311 | G66: 3511.6311
A67: 2008 | B67: septiembre | E67: 4316.9014 | G67: 4316.9014
A68: 2008 | B68: octubre | D68: 959.38056 | E68: 5404.6245 | G68: 6364.005
A69: 2008 | B69: noviembre | D69: 956.39202 | E69: 5569.0085 | G69: 6525.4005
A70: 2008 | B70: diciembre | E70: 4437.7754 | G70: 4437.7754
A71: 2008 | B71: total | D71: 1915.7726 | E71: 57327.287 | G71: 59243.06
A72: 2009 | B72: enero | E72: 4825.1204 | G72: 4825.1204
A73: 2009 | B73: febrero | D73: 1896.7746 | E73: 2321.3198 | G73: 4218.0944
A74: 2009 | B74: marzo | D74: 982.3107 | E74: 4799.0291 | G74: 5781.3398
A75: 2009 | B75: abril | D75: 1856.9987 | E75: 4880.5926 | G75: 6737.5913
A76: 2009 | B76: mayo | D76: 1940.9469 | E76: 4037.155 | G76: 5978.1019
A77: 2009 | B77: junio | D77: 1872.799 | E77: 4000.6721 | G77: 5873.4711
A78: 2009 | B78: julio | D78: 961.73608 | E78: 5413.2323 | G78: 6374.9683
A79: 2009 | B79: agosto | D79: 2876.7647 | E79: 3655.066 | G79: 6531.8307
A80: 2009 | B80: septiembre | D80: 1824.7257 | E80: 3662.5492 | G80: 5487.2748
A81: 2009 | B81: octubre | D81: 911.94598 | E81: 5520.7908 | G81: 6432.7368
A82: 2009 | B82: noviembre | E82: 3633.3804 | G82: 3633.3804
A83: 2009 | B83: diciembre | E83: 4895.8173 | F83: 1047.5001 | G83: 5943.3175
A84: 2009 | B84: total | D84: 15125.002 | E84: 51644.725 | F84: 1047.5001 | G84: 67817.228
A85: 2010 | B85: enero | E85: 4756.7622 | G85: 4756.7622
A86: 2010 | B86: febrero | E86: 3963.2062 | G86: 3963.2062
A87: 2010 | B87: marzo | E87: 4032.9585 | G87: 4032.9585
A88: 2010 | B88: abril | E88: 6014.0084 | F88: 949.1881 | G88: 6963.1965
A89: 2010 | B89: mayo | E89: 6186.8732 | F89: 949.99716 | G89: 7136.8704
A90: 2010 | B90: junio | E90: 5640.3672 | G90: 5640.3672
A91: 2010 | B91: julio | E91: 5007.7612 | G91: 5007.7612
A92: 2010 | B92: agosto | E92: 6410.2312 | G92: 6410.2312
A93: 2010 | B93: septiembre | E93: 7930.9481 | F93: 1068.3671 | G93: 8999.3152
A94: 2010 | B94: octubre | E94: 7169.609 | G94: 7169.609
A95: 2010 | B95: noviembre | E95: 4771.1998 | G95: 4771.1998
A96: 2010 | B96: diciembre | D96: 1931.1225 | E96: 3648.6291 | G96: 5579.7516
A97: 2010 | B97: total | D97: 1931.1225 | E97: 65532.554 | F97: 2967.5524 | G97: 70431.229
A98: 2011 | B98: enero | E98: 5452.3165 | G98: 5452.3165
A99: 2011 | B99: febrero | E99: 3973.6406 | G99: 3973.6406
A100: 2011 | B100: marzo | E100: 3577.4952 | G100: 3577.4952
A101: 2011 | B101: abril | E101: 4402.2982 | G101: 4402.2982
A102: 2011 | B102: mayo | E102: 4407.3749 | G102: 4407.3749
...

Sheet Asia-Pacífico
C3: =Inicio!C4 -> Importaciones de gas natural por áreas geográficas y países
A4: =Inicio!$A$16 -> Actualizado el 14-09-2026 | I4: Unidad: gigavatio hora
C5: Asia-Pacífico
A6: Año | B6: Mes | C6: Australia GNL | D6: Brunei GNL | E6: Corea del Sur GNL | F6: Indonesia GNL | G6: Malasia GNL | H6: Papúa Nueva Guinea GNL | I6: Total Asia-Pacífico GNL
A7: 2004 | B7: enero
A8: 2004 | B8: febrero
A9: 2004 | B9: marzo
A10: 2004 | B10: abril
A11: 2004 | B11: mayo
A12: 2004 | B12: junio
A13: 2004 | B13: julio
A14: 2004 | B14: agosto
A15: 2004 | B15: septiembre
A16: 2004 | B16: octubre
A17: 2004 | B17: noviembre
A18: 2004 | B18: diciembre | G18: 912.10881 | I18: 912.10881
A19: 2004 | B19: total | G19: 912.10881 | I19: 912.10881
A20: 2005 | B20: enero | G20: 2128.9972 | I20: 2128.9972
A21: 2005 | B21: febrero | G21: 911.83949 | I21: 911.83949
A22: 2005 | B22: marzo
A23: 2005 | B23: abril
A24: 2005 | B24: mayo
A25: 2005 | B25: junio
A26: 2005 | B26: julio
A27: 2005 | B27: agosto
A28: 2005 | B28: septiembre
A29: 2005 | B29: octubre
A30: 2005 | B30: noviembre
A31: 2005 | B31: diciembre
A32: 2005 | B32: total | G32: 3040.8367 | I32: 3040.8367
A33: 2006 | B33: enero
A34: 2006 | B34: febrero
A35: 2006 | B35: marzo
A36: 2006 | B36: abril
A37: 2006 | B37: mayo
A38: 2006 | B38: junio
A39: 2006 | B39: julio
A40: 2006 | B40: agosto
A41: 2006 | B41: septiembre
A42: 2006 | B42: octubre
A43: 2006 | B43: noviembre
A44: 2006 | B44: diciembre
... A136: 2013 | B136: total
A137: 2014 | B137: enero | C137: 0 | G137: 0 | I137: 0
A138: 2014 | B138: febrero | C138: 0 | G138: 0 | I138: 0
A139: 2014 | B139: marzo | C139: 0 | G139: 0 | I139: 0
A140: 2014 | B140: abril | C140: 0 | G140: 0 | I140: 0
A141: 2014 | B141: mayo | C141: 0 | G141: 0 | I141: 0
A142: 2014 | B142: junio | C142: 0 | G142: 0 | I142: 0
A143: 2014 | B143: julio | C143: 0 | G143: 0 | I143: 0
A144: 2014 | B144: agosto | C144: 0 | G144: 0 | I144: 0
A145: 2014 | B145: septiembre | C145: 0 | G145: 0 | I145: 0
A146: 2014 | B146: octubre | C146: 0 | G146: 0 | I146: 0
A147: 2014 | B147: noviembre | C147: 0 | G147: 0 | I147: 0
A148: 2014 | B148: diciembre | C148: 0 | G148: 0 | I148: 0
A149: 2014 | B149: total | C149: 0 | D149: 0 | G149: 0 | I149: 0
A150: 2015 | B150: enero | C150: 0 | G150: 0 | I150: 0
A151: 2015 | B151: febrero | C151: 0 | G151: 0 | I151: 0
A152: 2015 | B152: marzo | C152: 0 | G152: 0 | I152: 0
A153: 2015 | B153: abril | C153: 0 | G153: 0 | I153: 0
A154: 2015 | B154: mayo | C154: 0 | G154: 0 | I154: 0
A155: 2015 | B155: junio | C155: 0 | G155: 0 | I155: 0
A156: 2015 | B156: julio | C156: 0 | G156: 0 | I156: 0
A157: 2015 | B157: agosto | C157: 0 | G157: 0 | I157: 0
A158: 2015 | B158: septiembre | C158: 0 | G158: 0 | I158: 0
A159: 2015 | B159: octubre | C159: 0 | G159: 0 | I159: 0
A160: 2015 | B160: noviembre | C160: 0 | G160: 0 | I160: 0
A161: 2015 | B161: diciembre | C161: 0 | G161: 0 | I161: 0
A162: 2015 | B162: total | C162: 0 | D162: 0 | G162: 0 | I162: 0
A163: 2016 | B163: enero | C163: 0 | G163: 0 | I163: 0
A164: 2016 | B164: febrero | C164: 0 | G164: 0 | I164: 0
A165: 2016 | B165: marzo | C165: 0 | G165: 0 | I165: 0
A166: 2016 | B166: abril | C166: 0 | G166: 0 | I166: 0
A167: 2016 | B167: mayo | C167: 0 | G167: 0 | I167: 0
A168: 2016 | B168: junio | C168: 0 | G168: 0 | I168: 0
A169: 2016 | B169: julio | C169: 0 | G169: 0 | I169: 0
A170: 2016 | B170: agosto | C170: 0 | G170: 0 | I170: 0
A171: 2016 | B171: septiembre | C171: 0 | G171: 0 | I171: 0
A172: 2016 | B172: octubre | C172: 0 | G172: 0 | I172: 0
A173: 2016 | B173: noviembre | C173: 0 | G173: 0 | I173: 0
A174: 2016 | B174: diciembre | C174: 0 | G174: 0 | I174: 0
A175: 2016 | B175: total | C175: 0 | D175: 0 | G175: 0 | I175: 0
A176: 2017 | B176: enero | C176: 0 | G176: 0 | H176: 0 | I176: 0
A177: 2017 | B177: febrero | C177: 0 | G177: 0 | H177: 0 | I177: 0
A178: 2017 | B178: marzo | C178: 0 | G178: 0 | H178: 0 | I178: 0
A179: 2017 | B179: abril | C179: 0 | G179: 0 | H179: 0 | I179: 0
A180: 2017 | B180: mayo | C180: 0 | G180: 0 | H180: 0 | I180: 0
A181: 2017 | B181: junio | C181: 0 | G181: 0 | H181: 0 | I181: 0
A182: 2017 | B182: julio | C182: 0 | G182: 0 | H182: 0 | I182: 0
A183: 2017 | B183: agosto | C183: 0 | G183: 0 | H183: 0 | I183: 0
A184: 2017 | B184: septiembre | C184: 0 | G184: 0 | H184: 0 | I184: 0
A185: 2017 | B185: octubre | C185: 0 | G185: 0 | H185: 0 | I185: 0
A186: 2017 | B186: noviembre | C186: 0 | G186: 0 | H186: 0 | I186: 0
A187: 2017 | B187: diciembre | C187: 0 | G187: 0 | H187: 0 | I187: 0
A188: 2017 | B188: total | C188: 0 | D188: 0 | G188: 0 | H188: 0 | I188: 0
A189: 2018 | B189: enero | C189: 0 | G189: 0 | H189: 0 | I189: 0 | J189: 0
A190: 2018 | B190: febrero | C190: 0 | G190: 0 | H190: 0 | I190: 0 | J190: 0
A191: 2018 | B191: marzo | C191: 0 | G191: 0 | H191: 0 | I191: 0 | J191: 0
A192: 2018 | B192: abril | C192: 0 | G192: 0 | H192: 0 | I192: 0 | J192: 0
A193: 2018 | B193: mayo | C193: 0 | G193: 0 | H193: 0 | I193: 0 | J193: 0
...

Sheet Todos
C3: =África!C3 -> Importaciones de gas natural por áreas geográficas y países
A4: =Inicio!$A$16 -> Actualizado el 14-09-2026 | BS4: Unidad: gigavatio hora
C5: África | U5: América | AC5: Europa y Euroasia | BC5: Oriente Medio | BI5: Asia-Pacífico | BQ5: Total | BR5: Total GNL | BS5: Total GN
A6: Año | B6: Mes | C6: Angola GNL | D6: Argelia | E6: Argelia GNL | F6: Argelia GN | G6: Camerún GNL | H6: Congo GNL | I6: Egipto GNL | J6: Guinea Ecuatorial GNL | K6: Libia GNL | L6: Mauritania GNL | M6: Mozambique GNL | N6: Nigeria | O6: Nigeria GNL | P6: Nigeria GN | Q6: Total África | R6: Total África GNL | S6: Total África GN | U6: Argentina GNL | V6: Estados Unidos GNL | W6: Jamaica GNL | X6: México GNL | Y6: Perú GNL | Z6: Trinidad y Tobago GNL | AA6: Total América GNL | AC6: Bélgica | AD6: Bélgica GNL | AE6: Bélgica GN | AF6: Francia | AG6: Francia GNL | AH6: Francia GN | AI6: Gibraltar GNL | AJ6: Noruega | AK6: Noruega GNL | AL6: Noruega GN | AM6: Países Bajos | AN6: Países Bajos GNL | AO6: Países Bajos GN | AP6: Portugal | AQ6: Portugal GNL | AR6: Portugal GN | AS6: Reino Unido | AT6: Reino Unido GNL | AU6: Reino Unido GN | AV6: Rusia | AW6: Rusia GNL | AX6: Rusia GN | AY6: Total Europa y Euroasia | AZ6: Europa y Euroasia GNL | BA6: Europa y Euroasia GN | BC6: EAU GNL | BD6: Omán GNL | BE6: Qatar GNL | BF6: Yemen GNL | BG6: Total OM GNL | BI6: Australia GNL | BJ6: Brunei GNL | BK6: Corea del Sur GNL | BL6: Indonesia GNL | BM6: Malasia GNL | BN6: Papúa Nueva Guinea GNL | BO6: Total Asia-Pacífico GNL
A7: 2004 | B7: enero | D7: 15667.722 | E7: 9155.8528 | F7: 6511.869 | I7: 0 | J7: 0 | K7: 723.8085 | N7: 4533.35 | O7: 4533.35 | P7: 0 | Q7: 20924.88 | R7: 14413.011 | S7: 6511.869 | Y7: 0 | Z7: 0 | AA7: 0 | AC7: 0 | AD7: 0 | AF7: 0 | AG7: 0 | AH7: 0 | AJ7: 2153.9588 | AK7: 0 | AL7: 2153.959 | AM7: 0 | AN7: 0 | AO7: 0 | AP7: 0 | AQ7: 0 | AR7: 0 | AU7: 0 | AX7: 0 | AY7: 2153.9588 | AZ7: 0 | BA7: 2153.959 | BC7: 0 | BD7: 0 | BE7: 3079.5713 | BF7: 0 | BG7: 3079.5713 | BI7: 0 | BJ7: 0 | BM7: 0 | BO7: 0 | BQ7: 26158.41 | BR7: 17492.583 | BS7: 8665.828
A8: 2004 | B8: febrero | D8: 14909.618 | E8: 7712.4968 | F8: 7197.1213 | I8: 0 | J8: 0 | K8: 723.7128 | N8: 3856.8568 | O8: 3518.4752 | P8: 338.38161 | Q8: 19490.188 | R8: 11954.685 | S8: 7535.5029 | Y8: 0 | Z8: 0 | AA8: 0 | AC8: 0 | AD8: 0 | AF8: 37.263 | AG8: 37.263 | AH8: 0 | AJ8: 2137.8933 | AK8: 0 | AL8: 2137.8933 | AM8: 10.322044 | AN8: 0 | AO8: 10.322044 | AP8: 0 | AQ8: 0 | AR8: 0 | AS8: 4.4464188 | AU8: 4.4464188 | AV8: 19.373682 | AX8: 19.373682 | AY8: 2209.2985 | AZ8: 37.263 | BA8: 2172.0355 | BC8: 0 | BD8: 922.02128 | BE8: 2474.5893 | BF8: 0 | BG8: 3396.6106 | BI8: 0 | BJ8: 0 | BM8: 0 | BO8: 0 | BQ8: 25096.097 | BR8: 15388.558 | BS8: 9707.5383
A9: 2004 | B9: marzo | D9: 14662.131 | E9: 6418.8038 | F9: 8243.327 | I9: 0 | J9: 0 | K9: 732.0007 | N9: 5546.4526 | O9: 5208.0997 | P9: 338.35289 | Q9: 20940.584 | R9: 12358.904 | S9: 8581.6799 | Y9: 0 | Z9: 0 | AA9: 0 | AC9: 0 | AD9: 0 | AF9: 0 | AG9: 0 | AH9: 0 | AJ9: 2269.9738 | AK9: 0 | AL9: 2269.9741 | AM9: 6.6197342 | AN9: 0 | AO9: 6.6197342 | AP9: 0 | AQ9: 0 | AR9: 0 | AS9: 2.8515778 | AU9: 2.8515778 | AV9: 12.424732 | AX9: 12.424732 | AY9: 2291.8698 | AZ9: 0 | BA9: 2291.8701 | BC9: 930.76397 | BD9: 0 | BE9: 1772.867 | BF9: 0 | BG9: 2703.631 | BI9: 0 | BJ9: 0 | BM9: 0 | BO9: 0 | BQ9: 25936.085 | BR9: 15062.535 | BS9: 10873.55
A10: 2004 | B10: abril | D10: 11929.376 | E10: 6651.0921 | F10: 5278.284 | I10: 0 | J10: 0 | K10: 487.0423 | N10: 4448.7712 | O10: 4448.594 | P10: 0.17721 | Q10: 16865.19 | R10: 11586.728 | S10: 5278.4612 | Y10: 0 | Z10: 0 | AA10: 0 | AC10: 0 | AD10: 0 | AF10: 0 | AG10: 0 | AH10: 0 | AJ10: 2188.6465 | AK10: 0 | AL10: 2188.6468 | AM10: 1.64554 | AN10: 0 | AO10: 1.64554 | AP10: 0 | AQ10: 0 | AR10: 0 | AS10: 0.708848 | AU10: 0.708848 | AV10: 3.088552 | AX10: 3.088552 | AY10: 2194.0895 | AZ10: 0 | BA10: 2194.0898 | BC10: 0 | BD10: 937.25585 | BE10: 3229.7107 | BF10: 0 | BG10: 4166.9666 | BI10: 0 | BJ10: 0 | BM10: 0 | BO10: 0 | BQ10: 23226.246 | BR10: 15753.695 | BS10: 7472.551
A11: 2004 | B11: mayo | D11: 10727.015 | E11: 5406.4592 | F11: 5320.5562 | I11: 0 | J11: 0 | K11: 971.6548 | N11: 5848.4457 | O11: 5615.6211 | P11: 232.82456 | Q11: 17547.116 | R11: 11993.735 | S11: 5553.3807 | Y11: 0 | Z11: 0 | AA11: 0 | AC11: 0 | AD11: 0 | AF11: 38.666 | AG11: 38.666 | AH11: 0 | AJ11: 2251.8541 | AK11: 0 | AL11: 2251.8542 | AM11: 2.0852192 | AN11: 0 | AO11: 2.0852192 | AP11: 0 | AQ11: 0 | AR11: 0 | AS11: 0.89824829 | AU11: 0.89824829 | AV11: 3.9137961 | AX11: 3.9137961 | AY11: 2297.4173 | AZ11: 38.666 | BA11: 2258.7514 | BC11: 919.43697 | BD11: 1442.4969 | BE11: 5032.2867 | BF11: 0 | BG11: 7394.2205 | BI11: 0 | BJ11: 0 | BM11: 0 | BO11: 0 | BQ11: 27238.754 | BR11: 19426.622 | BS11: 7812.1321
A12: 2004 | B12: junio | D12: 10148.506 | E12: 3944.8118 | F12: 6203.6943 | I12: 0 | J12: 0 | K12: 728.8337 | N12: 4875.7018 | O12: 4874.2844 | P12: 1.41738 | Q12: 15753.042 | R12: 9547.9299 | S12: 6205.1117 | Y12: 0 | Z12: 0 | AA12: 0 | AC12: 0 | AD12: 0 | AF12: 0 | AG12: 0 | AH12: 0 | AJ12: 2137.3001 | AK12: 0 | AL12: 2137.3002 | AM12: 13.161373 | AN12: 0 | AO12: 13.161373 | AP12: 0 | AQ12: 0 | AR12: 0 | AS12: 5.6695147 | AU12: 5.6695147 | AV12: 24.702885 | AX12: 24.702885 | AY12: 2180.8338 | AZ12: 0 | BA12: 2180.8339 | BC12: 0 | BD12: 2704.819 | BE12: 4276.6913 | BF12: 0 | BG12: 6981.5103 | BI12: 0 | BJ12: 0 | BM12: 0 | BO12: 0 | BQ12: 24915.386 | BR12: 16529.44 | BS12: 8385.9456
A13: 2004 | B13: julio | D13: 11933.316 | E13: 5221.3938 | F13: 6711.922 | I13: 0 | J13: 0 | K13: 721.9886 | N13: 4248.3623 | O13: 4248.3623 | P13: 0 | Q13: 16903.667 | R13: 10191.745 | S13: 6711.922 | Y13: 0 | Z13: 0 | AA13: 0 | AC13: 0 | AD13: 0 | AF13: 38.235 | AG13: 38.235 | AH13: 0 | AJ13: 2131.2794 | AK13: 0 | AL13: 2131.28 | AM13: 0 | AN13: 0 | AO13: 0 | AP13: 0 | AQ13: 0 | AR13: 0 | AU13: 0 | AV13: 0 | AX13: 0 | AY13: 2169.5144 | AZ13: 38.235 | BA13: 2131.28 | BC13: 0 | BD13: 909.43 | BE13: 6227.5386 | BF13: 0 | BG13: 7136.9686 | BI13: 0 | BJ13: 0 | BM13: 0 | BO13: 0 | BQ13: 26210.15 | BR13: 17366.948 | BS13: 8843.202
A14: 2004 | B14: agosto | D14: 11155.417 | E14: 5276.8823 | F14: 5878.535 | I14: 0 | J14: 0 | K14: 7.57282 | N14: 4229.1824 | O14: 4229.1824 | P14: 0 | Q14: 15392.172 | R14: 9513.6375 | S14: 5878.535 | Y14: 0 | Z14: 0 | AA14: 0 | AC14: 0 | AD14: 0 | AF14: 0 | AG14: 0 | AH14: 0 | AJ14: 1702.1257 | AK14: 0 | AL14: 1702.126 | AM14: 0 | AN14: 0 | AO14: 0 | AP14: 0 | AQ14: 0 | AR14: 0 | AU14: 0 | AV14: 0 | AX14: 0 | AY14: 1702.1257 | AZ14: 0 | BA14: 1702.126 | BC14: 914.3799 | BD14: 971.76728 | BE14: 4378.9525 | BF14: 0 | BG14: 6265.0997 | BI14: 0 | BJ14: 0 | BM14: 0 | BO14: 0 | BQ14: 23359.398 | BR14: 15778.737 | BS14: 7580.661
A15: 2004 | B15: septiembre | D15: 13280.247 | E15: 5971.9545 | F15: 7308.2921 | I15: 0 | J15: 0 | K15: 477.9151 | N15: 5940.881 | O15: 5940.3593 | P15: 0.52169 | Q15: 19699.043 | R15: 12390.229 | S15: 7308.8138 | Y15: 0 | Z15: 0 | AA15: 0 | AC15: 0 | AD15: 0 | AF15: 0 | AG15: 0 | AH15: 0 | AJ15: 2135.4753 | AK15: 0 | AL15: 2135.4754 | AM15: 4.8442525 | AN15: 0 | AO15: 4.8442525 | AP15: 0 | AQ15: 0 | AR15: 0 | AS15: 2.0867549 | AU15: 2.0867549 | AV15: 9.0922894 | AX15: 9.0922894 | AY15: 2151.4986 | AZ15: 0 | BA15: 2151.4987 | BC15: 0 | BD15: 1836.0294 | BE15: 4385.8424 | BF15: 0 | BG15: 6221.8718 | BI15: 0 | BJ15: 0 | BM15: 0 | BO15: 0 | BQ15: 28072.413 | BR15: 18612.101 | BS15: 9460.3125
A16: 2004 | B16: octubre | D16: 14540.002 | E16: 6340.9898 | F16: 8199.0117 | I16: 0 | J16: 0 | K16: 731.0999 | N16: 5924.2679 | O16: 5922.8032 | P16: 1.4647 | Q16: 21195.369 | R16: 12994.893 | S16: 8200.4765 | Y16: 0 | Z16: 0 | AA16: 0 | AC16: 0 | AD16: 0 | AF16: 0 | AG16: 0 | AH16: 0 | AJ16: 2285.1339 | AK16: 0 | AL16: 2285.1339 | AM16: 13.600823 | AN16: 0 | AO16: 13.600823 | AP16: 0 | AQ16: 0 | AR16: 0 | AS16: 5.8588159 | AU16: 5.8588159 | AV16: 25.527698 | AX16: 25.527698 | AY16: 2330.1212 | AZ16: 0 | BA16: 2330.1213 | BC16: 0 | BD16: 0 | BE16: 3201.5102 | BF16: 0 | BG16: 3201.5102 | BI16: 0 | BJ16: 0 | BM16: 0 | BO16: 0 | BQ16: 26727.001 | BR16: 16196.403 | BS16: 10530.598
A17: 2004 | B17: noviembre | D17: 16333.855 | E17: 7176.234 | F17: 9157.6212 | I17: 0 | J17: 0 | K17: 729.5162 | N17: 4778.395 | O17: 4776.9761 | P17: 1.41886 | Q17: 21841.766 | R17: 12682.726 | S17: 9159.0401 | Y17: 0 | Z17: 0 | AA17: 0 | AC17: 0 | AD17: 0 | AF17: 73.5 | AG17: 73.5 | AH17: 0 | AJ17: 2210.9105 | AK17: 0 | AL17: 2210.9105 | AM17: 13.175164 | AN17: 0 | AO17: 13.175164 | AP17: 0 | AQ17: 0 | AR17: 0 | AS17: 5.6754569 | AU17: 5.6754538 | AV17: 24.728777 | AX17: 24.728777 | AY17: 2327.9905 | AZ17: 73.5 | BA17: 2254.4905 | BC17: 0 | BD17: 2718.303 | BE17: 4074.5101 | BF17: 0 | BG17: 6792.8131 | BI17: 0 | BJ17: 0 | BM17: 0 | BO17: 0 | BQ17: 30962.565 | BR17: 19549.034 | BS17: 11413.532
A18: 2004 | B18: diciembre | D18: 14064.26 | E18: 5795.8041 | F18: 8268.456 | I18: 0 | J18: 0 | K18: 729.7091 | N18: 3458.211 | O18: 3456.748 | P18: 1.463 | Q18: 18252.18 | R18: 9982.2612 | S18: 8269.919 | Y18: 0 | Z18: 0 | AA18: 0 | AC18: 0 | AD18: 0 | AF18: 0 | AG18: 0 | AH18: 0 | AJ18: 2279.6882 | AK18: 0 | AL18: 2279.688 | AM18: 13.585016 | AN18: 0 | AO18: 13.585016 | AP18: 0 | AQ18: 0 | AR18: 0 | AS18: 5.8520068 | AU18: 5.8520068 | AV18: 25.49803 | AX18: 25.49803 | AY18: 2324.6233 | AZ18: 0 | BA18: 2324.6231 | BC18: 907.84452 | BD18: 1845.7956 | BE18: 2549.5411 | BF18: 0 | BG18: 5303.1812 | BI18: 0 | BJ18: 0 | BM18: 912.10881 | BO18: 912.10881 | BQ18: 26792.093 | BR18: 16197.551 | BS18: 10594.542
A19: 2004 | B19: total | D19: 159351.46 | E19: 75072.775 | F19: 84278.69 | I19: 0 | J19: 0 | K19: 7764.8545 | N19: 57688.878 | O19: 56772.856 | P19: 916.0219 | Q19: 224805.2 | R19: 139610.49 | S19: 85194.712 | Y19: 0 | Z19: 0 | AA19: 0 | AC19: 0 | AD19: 0 | AF19: 187.664 | AG19: 187.664 | AH19: 0 | AJ19: 25884.241 | AK19: 0 | AL19: 25884.243 | AM19: 79.039169 | AN19: 0 | AO19: 79.039169 | AP19: 0 | AQ19: 0 | AR19: 0 | AS19: 34.047642 | AU19: 34.047642 | AV19: 148.35044 | AX19: 148.35044 | AY19: 26333.342 | AZ19: 187.664 | BA19: 26145.68 | BC19: 3672.4254 | BD19: 14287.918 | BE19: 44683.611 | BF19: 0 | BG19: 62643.955 | BI19: 0 | BJ19: 0 | BM19: 912.10881 | BO19: 912.10881 | BQ19: 314694.6 | BR19: 203354.21 | BS19: 111340.39
A20: 2005 | B20: enero | D20: 14665.943 | E20: 6462.9608 | F20: 8202.982 | I20: 935.80129 | J20: 0 | K20: 973.3127 | N20: 5399.8771 | O20: 5399.8771 | P20: 0 | Q20: 21974.934 | R20: 13771.952 | S20: 8202.982 | Y20: 0 | Z20: 0 | AA20: 0 | AC20: 0 | AD20: 0 | AF20: 63.75 | AG20: 63.75 | AH20: 0 | AJ20: 2262.1122 | AK20: 0 | AL20: 2262.112 | AM20: 0 | AN20: 0 | AO20: 0 | AP20: 0 | AQ20: 0 | AR20: 0 | AU20: 0 | AX20: 0 | AY20: 2325.8622 | AZ20: 63.75 | BA20: 2262.112 | BC20: 929.00525 | BD20: 1823.5206 | BE20: 4301.9349 | BF20: 0 | BG20: 7054.4608 | BI20: 0 | BJ20: 0 | BM20: 2128.9972 | BO20: 2128.9972 | BQ20: 33484.254 | BR20: 23019.16 | BS20: 10465.094
A21: 2005 | B21: febrero | D21: 15550.862 | E21: 6677.6403 | F21: 8873.2221 | I21: 1774.3622 | J21: 0 | K21: 484.1988 | N21: 4468.432 | O21: 4468.432 | P21: 0 | Q21: 22277.855 | R21: 13404.633 | S21: 8873.2221 | Y21: 0 | Z21: 0 | AA21: 0 | AC21: 0 | AD21: 0 | AF21: 0 | AG21: 0 | AH21: 0 | AJ21: 2046.6952 | AK21: 0 | AL21: 2046.695 | AM21: 0 | AN21: 0 | AO21: 0 | AP21: 0 | AQ21: 0 | AR21: 0 | AU21: 0 | AX21: 0 | AY21: 2046.6952 | AZ21: 0 | BA21: 2046.695 | BC21: 908.65111 | BD21: 1748.2218 | BE21: 3711.8448 | BF21: 0 | BG21: 6368.7177 | BI21: 0 | BJ21: 0 | BM21: 911.83949 | BO21: 911.83949 | BQ21: 31605.108 | BR21: 20685.19 | BS21: 10919.917
A22: 2005 | B22: marzo | D22: 16119.762 | E22: 6676.8743 | F22: 9442.8879 | I22: 1847.038 | J22: 0 | K22: 728.3504 | N22: 6309.7881 | O22: 6309.7881 | P22: 0 | Q22: 25004.939 | R22: 15562.051 | S22: 9442.8879 | Y22: 0 | Z22: 1499.8499 | AA22: 1499.8499 | AC22: 0 | AD22: 0 | AF22: 56.393 | AG22: 56.393 | AH22: 0 | AJ22: 2249.548 | AK22: 0 | AL22: 2249.548 | AM22: 0 | AN22: 0 | AO22: 0 | AP22: 0 | AQ22: 0 | AR22: 0 | AU22: 0 | AX22: 0 | AY22: 2305.941 | AZ22: 56.393 | BA22: 2249.548 | BC22: 920.90715 | BD22: 1627.5263 | BE22: 3436.9731 | BF22: 0 | BG22: 5985.4066 | BI22: 0 | BJ22: 0 | BM22: 0 | BO22: 0 | BQ22: 34796.136 | BR22: 23103.7 | BS22: 11692.436
A23: 2005 | B23: abril | D23: 13439.937 | E23: 4692.3761 | F23: 8747.5606 | I23: 3902.7077 | J23: 0 | K23: 729.3692 | N23: 4672.7844 | O23: 4672.7844 | P23: 0 | Q23: 22744.798 | R23: 13997.237 | S23: 8747.5606 | Y23: 0 | Z23: 0 | AA23: 0 | AC23: 0 | AD23: 0 | AF23: 55.273 | AG23: 55.273 | AH23: 0 | AJ23: 2188.0941 | AK23: 0 | AL23: 2188.094 | AM23: 0 | AN23: 0 | AO23: 0 | AP23: 0 | AQ23: 0 | AR23: 0 | AU23: 0 | AX23: 0 | AY23: 2243.3671 | AZ23: 55.273 | BA23: 2188.094 | BC23: 0 | BD23: 1776.8265 | BE23: 5294.22 | BF23: 0 | BG23: 7071.0464 | BI23: 0 | BJ23: 0 | BM23: 0 | BO23: 0 | BQ23: 32059.212 | BR23: 21123.557 | BS23: 10935.655
A24: 2005 | B24: mayo | D24: 13017.129 | E24: 4048.3016 | F24: 8968.8274 | I24: 1768.0127 | J24: 0 | K24: 731.178 | N24: 5949.7919 | O24: 5949.7919 | P24: 0 | Q24: 21466.112 | R24: 12497.284 | S24: 8968.8274 | Y24: 0 | Z24: 0 | AA24: 0 | AC24: 0 | AD24: 0 | AF24: 0 | AG24: 0 | AH24: 0 | AJ24: 2058.7623 | AK24: 0 | AL24: 2058.762 | AM24: 0 | AN24: 0 | AO24: 0 | AP24: 0 | AQ24: 0 | AR24: 0 | AU24: 0 | AX24: 0 | AY24: 2058.7623 | AZ24: 0 | BA24: 2058.762 | BC24: 0 | BD24: 376.78073 | BE24: 5468.7582 | BF24: 0 | BG24: 5845.5389 | BI24: 0 | BJ24: 0 | BM24: 0 | BO24: 0 | BQ24: 29370.413 | BR24: 18342.823 | BS24: 11027.589
A25: 2005 | B25: junio | D25: 11453.078 | E25: 3149.7107 | F25: 8303.3676 | I25: 4356.2933 | J25: 0 | K25: 728.1881 | N25: 6011.9969 | O25: 6011.9969 | P25: 0 | Q25: 22549.557 | R25: 14246.189 | S25: 8303.3676 | Y25: 0 | Z25: 0 | AA25: 0 | AC25: 0 | AD25: 0 | AF25: 43.783774 | AG25: 37.943 | AH25: 5.84077 | AJ25: 2153.5524 | AK25: 0 | AL25: 2153.553 | AM25: 0 | AN25: 0 | AO25: 0 | AP25: 0 | AQ25: 0 | AR25: 0 | AU25: 0 | AX25: 0 | AY25: 2197.3362 | AZ25: 37.943 | BA25: 2159.3938 | BC25: 0 | BD25: 1917.0832 | BE25: 5036.7295 | BF25: 0 | BG25: 6953.8126 | BI25: 0 | BJ25: 0 | BM25: 0 | BO25: 0 | BQ25: 31700.705 | BR25: 21237.945 | BS25: 10462.761
A26: 2005 | B26: julio | D26: 16171.384 | E26: 7407.3674 | F26: 8764.0165 | I26: 3260.7507 | J26: 0 | K26: 729.3216 | N26: 5236.1041 | O26: 5236.1041 | P26: 0 | Q26: 25397.56 | R26: 16633.544 | S26: 8764.0165 | Y26: 0 | Z26: 0 | AA26: 0 | AC26: 0 | AD26: 0 | AF26: 359.65589 | AG26: 359.6559 | AH26: 0 | AJ26: 1683.0372 | AK26: 0 | AL26: 1683.037 | AM26: 0 | AN26: 0 | AO26: 0 | AP26: 0 | AQ26: 0 | AR26: 0 | AU26: 0 | AX26: 0 | AY26: 2042.6931 | AZ26: 359.6559 | BA26: 1683.037 | BC26: 0 | BD26: 2399.8331 | BE26: 4892.8305 | BF26: 0 | BG26: 7292.6636 | BI26: 0 | BJ26: 0 | BM26: 0 | BO26: 0 | BQ26: 34732.917 | BR26: 24285.863 | BS26: 10447.053
A27: 2005 | B27: agosto | D27: 11982.569 | E27: 4626.8672 | F27: 7355.7015 | I27: 1726.9074 | J27: 0 | K27: 730.015 | N27: 5365.5609 | O27: 5365.5609 | P27: 0 | Q27: 19805.052 | R27: 12449.35 | S27: 7355.7015 | Y27: 0 | Z27: 0 | AA27: 0 | AC27: 0 | AD27: 0 | AF27: 11.946093 | AG27: 0 | AH27: 11.94609 | AJ27: 1430.5126 | AK27: 0 | AL27: 1430.513 | AM27: 0 | AN27: 0 | AO27: 0 | AP27: 0 | AQ27: 0 | AR27: 0 | AU27: 0 | AX27: 0 | AY27: 1442.4587 | AZ27: 0 | BA27: 1442.4591 | BC27: 0 | BD27: 924.67049 | BE27: 5760.963 | BF27: 0 | BG27: 6685.6335 | BI27: 0 | BJ27: 0 | BM27: 0 | BO27: 0 | BQ27: 27933.144 | BR27: 19134.984 | BS27: 8798.1606
A28: 2005 | B28: septiembre | D28: 12390.258 | E28: 4333.0761 | F28: 8057.1817 | I28: 3548.1437 | J28: 0 | K28: 1733.8467 | N28: 1969.9874 | O28: 1969.9874 | P28: 0 | Q28: 19642.236 | R28: 11585.054 | S28: 8057.1817 | Y28: 0 | Z28: 0 | AA28: 0 | AC28: 0 | AD28: 0 | AF28: 246.03386 | AG28: 230.0339 | AH28: 16 | AJ28: 1952.1245 | AK28: 0 | AL28: 1952.125 | AM28: 0 | AN28: 0 | AO28: 0 | AP28: 0 | AQ28: 0 | AR28: 0 | AU28: 0 | AX28: 0 | AY28: 2198.1583 | AZ28: 230.0339 | BA28: 1968.125 | BC28: 0 | BD28: 1851.3726 | BE28: 6212.8716 | BF28: 0 | BG28: 8064.2442 | BI28: 0 | BJ28: 0 | BM28: 0 | BO28: 0 | BQ28: 29904.638 | BR28: 19879.332 | BS28: 10025.307
A29: 2005 | B29: octubre | D29: 12275.163 | E29: 4908.3731 | F29: 7366.7901 | I29: 2491.8417 | J29: 0 | K29: 765.9817 | N29: 4635.6438 | O29: 4635.6438 | P29: 0 | Q29: 20168.63 | R29: 12801.84 | S29: 7366.7901 | Y29: 0 | Z29: 616.30449 | AA29: 616.30449 | AC29: 0 | AD29: 0 | AF29: 0 | AG29: 0 | AH29: 0 | AJ29: 2262.6967 | AK29: 0 | AL29: 2262.697 | AM29: 0 | AN29: 0 | AO29: 0 | AP29: 0 | AQ29: 0 | AR29: 0 | AU29: 0 | AX29: 0 | AY29: 2262.6967 | AZ29: 0 | BA29: 2262.697 | BC29: 0 | BD29: 2499.5093 | BE29: 3941.1337 | BF29: 0 | BG29: 6440.643 | BI29: 0 | BJ29: 0 | BM29: 0 | BO29: 0 | BQ29: 29488.275 | BR29: 19858.788 | BS29: 9629.4871
A30: 2005 | B30: noviembre | D30: 12590.602 | E30: 3792.3044 | F30: 8798.298 | I30: 6850.8699 | J30: 0 | K30: 1314.803 | N30: 4609.9358 | O30: 4609.9358 | P30: 0 | Q30: 25366.211 | R30: 16567.913 | S30: 8798.298 | Y30: 0 | Z30: 835.51528 | AA30: 835.51528 | AC30: 0 | AD30: 0 | AF30: 0 | AG30: 0 | AH30: 0 | AJ30: 2173.724 | AK30: 0 | AL30: 2173.724 | AM30: 0 | AN30: 0 | AO30: 0 | AP30: 0 | AQ30: 0 | AR30: 0 | AU30: 0 | AX30: 0 | AY30: 2173.724 | AZ30: 0 | BA30: 2173.724 | BC30: 0 | BD30: 290 | BE30: 3733.4382 | BF30: 0 | BG30: 4023.4382 | BI30: 0 | BJ30: 0 | BM30: 0 | BO30: 0 | BQ30: 32398.889 | BR30: 21426.867 | BS30: 10972.022
A31: 2005 | B31: diciembre | D31: 11724.632 | E31: 2297.9396 | F31: 9426.6925 | I31: 7082.6205 | J31: 0 | K31: 992.7508 | N31: 6648.7492 | O31: 6648.7492 | P31: 0 | Q31: 26448.753 | R31: 17022.06 | S31: 9426.6925 | Y31: 0 | Z31: 1580.3357 | AA31: 1580.3357 | AC31: 0 | AD31: 0 | AF31: 0 | AG31: 0 | AH31: 0 | AJ31: 2262.01 | AK31: 0 | AL31: 2262.01 | AM31: 0 | AN31: 0 | AO31: 0 | AP31: 0 | AQ31: 0 | AR31: 0 | AU31: 0 | AX31: 0 | AY31: 2262.01 | AZ31: 0 | BA31: 2262.01 | BC31: 0 | BD31: 2588.7175 | BE31: 2563.2697 | BF31: 0 | BG31: 5151.9871 | BI31: 0 | BJ31: 0 | BM31: 0 | BO31: 0 | BQ31: 35443.085 | BR31: 23754.383 | BS31: 11688.702
... A136: 2013 | B136: total | D136: 193704.99 | E136: 37661.546 | F136: 156043.44 | I136: 463.86265 | J136: 0 | K136: 0 | N136: 36175.643 | O136: 36175.644 | P136: 0 | Q136: 230344.5 | R136: 74301.052 | S136: 156043.44 | Y136: 16898.064 | Z136: 23327.282 | AA136: 40225.346 | AC136: 2173.8321 | AD136: 2173.8321 | AF136: 15226.449 | AG136: 1349.7943 | AH136: 13876.819 | AJ136: 43791.992 | AK136: 13366.079 | AL136: 30425.913 | AM136: 0 | AN136: 0 | AO136: 0 | AP136: 1236.9673 | AQ136: 0 | AR136: 1236.9676 | AU136: 0 | AX136: 0 | AY136: 62429.24 | AZ136: 16889.706 | BA136: 45539.7 | BC136: 0 | BD136: 1917.3785 | BE136: 40608.825 | BF136: 0 | BG136: 42526.203 | BI136: 0 | BJ136: 0 | BM136: 0 | BO136: 0 | BQ136: 375525.29 | BR136: 173942.31 | BS136: 201583.14
A137: 2014 | B137: enero | C137: 0 | D137: 19268.051 | E137: 4532.6155 | F137: 14735.435 | G137: 0 | I137: 0 | J137: 0 | K137: 0 | N137: 4109.9519 | O137: 4109.9519 | P137: 0 | Q137: 23378.002 | R137: 8642.5674 | S137: 14735.435 | U137: 0 | V137: 0 | Y137: 2131.3669 | Z137: 2622.3264 | AA137: 4753.6933 | AC137: 830.62245 | AD137: 830.62245 | AE137: 0 | AF137: 1200.8093 | AG137: 0 | AH137: 1200.8093 | AI137: 0 | AJ137: 3362.0535 | AK137: 1015.9428 | AL137: 2346.1107 | AM137: 605.49878 | AN137: 605.49878 | AO137: 0 | AP137: 157.34804 | AQ137: 0 | AR137: 157.34804 | AU137: 0 | AV137: 0 | AW137: 0 | AX137: 0 | AY137: 6156.3321 | AZ137: 2452.064 | BA137: 3704.268 | BC137: 0 | BD137: 0 | BE137: 2674.2855 | BF137: 0 | BG137: 2674.2855 | BI137: 0 | BJ137: 0 | BM137: 0 | BO137: 0 | BQ137: 36962.313 | BR137: 18522.61 | BS137: 18439.703
A138: 2014 | B138: febrero | C138: 0 | D138: 19197.771 | E138: 5222.0958 | F138: 13975.675 | G138: 0 | I138: 0 | J138: 0 | K138: 0 | N138: 1129.7136 | O138: 1129.7136 | P138: 0 | Q138: 20327.484 | R138: 6351.8095 | S138: 13975.675 | U138: 0 | V138: 0 | Y138: 0 | Z138: 2287.5915 | AA138: 2287.5915 | AC138: 0 | AD138: 0 | AE138: 0 | AF138: 1225.5597 | AG138: 0 | AH138: 1225.5597 | AI138: 0 | AJ138: 5729.8858 | AK138: 2775.8796 | AL138: 2954.0062 | AM138: 0 | AN138: 0 | AO138: 0 | AP138: 0 | AQ138: 0 | AR138: 0 | AU138: 0 | AV138: 0 | AW138: 0 | AX138: 0 | AY138: 6955.4455 | AZ138: 2775.8796 | BA138: 4179.5659 | BC138: 0 | BD138: 0 | BE138: 3535.7343 | BF138: 0 | BG138: 3535.7343 | BI138: 0 | BJ138: 0 | BM138: 0 | BO138: 0 | BQ138: 33106.256 | BR138: 14951.015 | BS138: 18155.241
A139: 2014 | B139: marzo | C139: 0 | D139: 19336.771 | E139: 4772.3057 | F139: 14564.465 | G139: 0 | I139: 0 | J139: 0 | K139: 0 | N139: 2724.6155 | O139: 2724.6155 | P139: 0 | Q139: 22061.386 | R139: 7496.9212 | S139: 14564.465 | U139: 0 | V139: 0 | Y139: 2874.662 | Z139: 1272.1386 | AA139: 4146.8006 | AC139: 0 | AD139: 0 | AE139: 0 | AF139: 1309.4447 | AG139: 0 | AH139: 1309.4447 | AI139: 0 | AJ139: 3450.5752 | AK139: 948.80173 | AL139: 2501.7735 | AM139: 0 | AN139: 0 | AO139: 0 | AP139: 0 | AQ139: 0 | AR139: 0 | AU139: 0 | AV139: 0 | AW139: 0 | AX139: 0 | AY139: 4760.0199 | AZ139: 948.80173 | BA139: 3811.2181 | BC139: 0 | BD139: 0 | BE139: 2772.1875 | BF139: 0 | BG139: 2772.1875 | BI139: 0 | BJ139: 0 | BM139: 0 | BO139: 0 | BQ139: 33740.394 | BR139: 15364.711 | BS139: 18375.683
A140: 2014 | B140: abril | C140: 0 | D140: 19663.348 | E140: 7536.7148 | F140: 12126.633 | G140: 0 | I140: 0 | J140: 0 | K140: 0 | N140: 3643.7028 | O140: 3643.7028 | P140: 0 | Q140: 23307.051 | R140: 11180.418 | S140: 12126.633 | U140: 0 | V140: 0 | Y140: 837.3234 | Z140: 1717.3221 | AA140: 2554.6455 | AC140: 0 | AD140: 0 | AE140: 0 | AF140: 1327.0493 | AG140: 0 | AH140: 1327.0493 | AI140: 0 | AJ140: 3127.3877 | AK140: 967.22962 | AL140: 2160.1581 | AM140: 0 | AN140: 0 | AO140: 0 | AP140: 0 | AQ140: 0 | AR140: 0 | AU140: 0 | AV140: 0 | AW140: 0 | AX140: 0 | AY140: 4454.437 | AZ140: 967.22962 | BA140: 3487.2074 | BC140: 0 | BD140: 0 | BE140: 2715.8818 | BF140: 0 | BG140: 2715.8818 | BI140: 0 | BJ140: 0 | BM140: 0 | BO140: 0 | BQ140: 33032.015 | BR140: 17418.175 | BS140: 15613.84
A141: 2014 | B141: mayo | C141: 0 | D141: 16535.003 | E141: 4332.0366 | F141: 12202.966 | G141: 0 | I141: 0 | J141: 0 | K141: 0 | N141: 1736.8263 | O141: 1736.8263 | P141: 0 | Q141: 18271.829 | R141: 6068.8629 | S141: 12202.966 | U141: 0 | V141: 0 | Y141: 1707.3332 | Z141: 859.60534 | AA141: 2566.9385 | AC141: 463.44327 | AD141: 463.44327 | AE141: 0 | AF141: 1287.0296 | AG141: 0 | AH141: 1287.0296 | AI141: 0 | AJ141: 2753.8284 | AK141: 0 | AL141: 2753.8284 | AM141: 0 | AN141: 0 | AO141: 0 | AP141: 0 | AQ141: 0 | AR141: 0 | AU141: 0 | AV141: 0 | AW141: 0 | AX141: 0 | AY141: 4504.3013 | AZ141: 463.44327 | BA141: 4040.858 | BC141: 0 | BD141: 0 | BE141: 3204.2659 | BF141: 0 | BG141: 3204.2659 | BI141: 0 | BJ141: 0 | BM141: 0 | BO141: 0 | BQ141: 28547.335 | BR141: 12303.511 | BS141: 16243.824
A142: 2014 | B142: junio | C142: 0 | D142: 19118.348 | E142: 5974.811 | F142: 13143.537 | G142: 0 | I142: 0 | J142: 0 | K142: 0 | N142: 788.50115 | O142: 788.50115 | P142: 0 | Q142: 19906.849 | R142: 6763.3121 | S142: 13143.537 | U142: 0 | V142: 0 | Y142: 1062.8316 | Z142: 849.07026 | AA142: 1911.9018 | AC142: 0 | AD142: 0 | AE142: 0 | AF142: 1246.2605 | AG142: 0 | AH142: 1246.2605 | AI142: 0 | AJ142: 2132.1905 | AK142: 0 | AL142: 2132.1905 | AM142: 0 | AN142: 0 | AO142: 0 | AP142: 0 | AQ142: 0 | AR142: 0 | AU142: 0 | AV142: 0 | AW142: 0 | AX142: 0 | AY142: 3378.451 | AZ142: 0 | BA142: 3378.451 | BC142: 0 | BD142: 0 | BE142: 2670.7049 | BF142: 0 | BG142: 2670.7049 | BI142: 0 | BJ142: 0 | BM142: 0 | BO142: 0 | BQ142: 27867.907 | BR142: 11345.919 | BS142: 16521.988
A143: 2014 | B143: julio | C143: 0 | D143: 16667.125 | E143: 4350.624 | F143: 12316.501 | G143: 0 | I143: 0 | J143: 0 | K143: 0 | N143: 2914.3632 | O143: 2914.3632 | P143: 0 | Q143: 19581.488 | R143: 7264.9872 | S143: 12316.501 | U143: 0 | V143: 0 | Y143: 0 | Z143: 2541.3637 | AA143: 2541.3637 | AC143: 0 | AD143: 0 | AE143: 0 | AF143: 1404.4581 | AG143: 0 | AH143: 1404.4581 | AI143: 0 | AJ143: 4807.4967 | AK143: 1965.1465 | AL143: 2842.3502 | AM143: 0 | AN143: 0 | AO143: 0 | AP143: 0 | AQ143: 0 | AR143: 0 | AU143: 0 | AV143: 0 | AW143: 0 | AX143: 0 | AY143: 6211.9548 | AZ143: 1965.1465 | BA143: 4246.8084 | BC143: 0 | BD143: 0 | BE143: 2669.5613 | BF143: 0 | BG143: 2669.5613 | BI143: 0 | BJ143: 0 | BM143: 0 | BO143: 0 | BQ143: 31004.368 | BR143: 14441.059 | BS143: 16563.309
A144: 2014 | B144: agosto | C144: 0 | D144: 13064.83 | E144: 3056.3772 | F144: 10008.452 | G144: 0 | I144: 0 | J144: 0 | K144: 0 | N144: 1661.8433 | O144: 1661.8433 | P144: 0 | Q144: 14726.673 | R144: 4718.2206 | S144: 10008.452 | U144: 0 | V144: 0 | Y144: 1063.0047 | Z144: 2513.9304 | AA144: 3576.935 | AC144: 0 | AD144: 0 | AE144: 0 | AF144: 1538.2592 | AG144: 0 | AH144: 1538.2592 | AI144: 0 | AJ144: 4601.9502 | AK144: 1707.082 | AL144: 2894.8682 | AM144: 842.29657 | AN144: 842.29657 | AO144: 0 | AP144: 0 | AQ144: 0 | AR144: 0 | AU144: 0 | AV144: 0 | AW144: 0 | AX144: 0 | AY144: 6982.506 | AZ144: 2549.3785 | BA144: 4433.1274 | BC144: 0 | BD144: 0 | BE144: 2959.0978 | BF144: 0 | BG144: 2959.0978 | BI144: 0 | BJ144: 0 | BM144: 0 | BO144: 0 | BQ144: 28245.212 | BR144: 13803.632 | BS144: 14441.58
A145: 2014 | B145: septiembre | C145: 0 | D145: 17588.724 | E145: 4974.9654 | F145: 12613.759 | G145: 0 | I145: 0 | J145: 0 | K145: 0 | N145: 2745.804 | O145: 2745.804 | P145: 0 | Q145: 20334.528 | R145: 7720.7695 | S145: 12613.759 | U145: 0 | V145: 0 | Y145: 858.68251 | Z145: 2735.5212 | AA145: 3594.2037 | AC145: 0 | AD145: 0 | AE145: 0 | AF145: 1538.6718 | AG145: 0 | AH145: 1538.6718 | AI145: 0 | AJ145: 4466.8889 | AK145: 1855.8299 | AL145: 2611.059 | AM145: 0 | AN145: 0 | AO145: 0 | AP145: 0 | AQ145: 0 | AR145: 0 | AU145: 0 | AV145: 0 | AW145: 0 | AX145: 0 | AY145: 6005.5607 | AZ145: 1855.8299 | BA145: 4149.7308 | BC145: 0 | BD145: 0 | BE145: 2427.1058 | BF145: 0 | BG145: 2427.1058 | BI145: 0 | BJ145: 0 | BM145: 0 | BO145: 0 | BQ145: 32361.398 | BR145: 15597.909 | BS145: 16763.489
A146: 2014 | B146: octubre | C146: 0 | D146: 20363.79 | E146: 6567.5689 | F146: 13796.221 | G146: 0 | I146: 0 | J146: 0 | K146: 0 | N146: 4418.622 | O146: 4418.622 | P146: 0 | Q146: 24782.412 | R146: 10986.191 | S146: 13796.221 | U146: 0 | V146: 0 | Y146: 0 | Z146: 1752.8312 | AA146: 1752.8312 | AC146: 0 | AD146: 0 | AE146: 0 | AF146: 1423.8911 | AG146: 1.30259 | AH146: 1422.5885 | AI146: 0 | AJ146: 4001.0575 | AK146: 901.38406 | AL146: 3099.6734 | AM146: 0 | AN146: 0 | AO146: 0 | AP146: 0 | AQ146: 0 | AR146: 0 | AU146: 0 | AV146: 0 | AW146: 0 | AX146: 0 | AY146: 5424.9486 | AZ146: 902.68665 | BA146: 4522.2619 | BC146: 0 | BD146: 0 | BE146: 4087.8999 | BF146: 0 | BG146: 4087.8999 | BI146: 0 | BJ146: 0 | BM146: 0 | BO146: 0 | BQ146: 36048.092 | BR146: 17729.609 | BS146: 18318.483
A147: 2014 | B147: noviembre | C147: 0 | D147: 15614.497 | E147: 2074.5307 | F147: 13539.966 | G147: 0 | I147: 0 | J147: 0 | K147: 0 | N147: 3866.0072 | O147: 3866.0072 | P147: 0 | Q147: 19480.504 | R147: 5940.5378 | S147: 13539.966 | U147: 0 | V147: 0 | Y147: 1702.1259 | Z147: 1709.3315 | AA147: 3411.4574 | AC147: 0 | AD147: 0 | AE147: 0 | AF147: 1364.0833 | AG147: 0 | AH147: 1364.0833 | AI147: 0 | AJ147: 5145.0313 | AK147: 1924.3871 | AL147: 3220.6442 | AM147: 0 | AN147: 0 | AO147: 0 | AP147: 0 | AQ147: 0 | AR147: 0 | AU147: 0 | AV147: 0 | AW147: 0 | AX147: 0 | AY147: 6509.1146 | AZ147: 1924.3871 | BA147: 4584.7276 | BC147: 0 | BD147: 967.36575 | BE147: 2647.1121 | BF147: 0 | BG147: 3614.4779 | BI147: 0 | BJ147: 0 | BM147: 0 | BO147: 0 | BQ147: 33015.554 | BR147: 14890.86 | BS147: 18124.694
A148: 2014 | B148: diciembre | C148: 0 | D148: 15450.899 | E148: 3918.3562 | F148: 11532.543 | G148: 0 | I148: 0 | J148: 0 | K148: 0 | N148: 2834.4144 | O148: 2834.4144 | P148: 0 | Q148: 18285.314 | R148: 6752.7706 | S148: 11532.543 | U148: 0 | V148: 0 | Y148: 1734.1522 | Z148: 1696.3305 | AA148: 3430.4827 | AC148: 0 | AD148: 0 | AE148: 0 | AF148: 1353.6198 | AG148: 0 | AH148: 1353.6198 | AI148: 0 | AJ148: 3431.9792 | AK148: 0 | AL148: 3431.9792 | AM148: 0 | AN148: 0 | AO148: 0 | AP148: 0 | AQ148: 0 | AR148: 0 | AU148: 0 | AV148: 0 | AW148: 0 | AX148: 0 | AY148: 4785.599 | AZ148: 0 | BA148: 4785.599 | BC148: 0 | BD148: 865.38321 | BE148: 2675.5026 | BF148: 0 | BG148: 3540.8858 | BI148: 0 | BJ148: 0 | BM148: 0 | BO148: 0 | BQ148: 30042.281 | BR148: 13724.139 | BS148: 16318.142
... A175: 2016 | B175: total | C175: 1039.5856 | D175: 207037.5 | E175: 33498.822 | F175: 173538.68 | G175: 0 | I175: 0 | J175: 0 | K175: 0 | N175: 52761.726 | O175: 52761.726 | P175: 0 | Q175: 260838.81 | R175: 87300.133 | S175: 173538.68 | U175: 0 | V175: 845.54129 | Y175: 20151.078 | Z175: 7305.5223 | AA175: 28302.142 | AC175: 0 | AD175: 0 | AE175: 0 | AF175: 7817.7782 | AG175: 0.57209 | AH175: 7817.2061 | AI175: 0 | AJ175: 38415.698 | AK175: 8667.4403 | AL175: 29748.257 | AM175: 0 | AN175: 0 | AO175: 0 | AP175: 8 | AQ175: 0 | AR175: 8 | AU175: 0 | AV175: 0 | AW175: 0 | AX175: 0 | AY175: 46241.476 | AZ175: 8668.0124 | BA175: 37573.463 | BC175: 0 | BD175: 0 | BE175: 28942.717 | BF175: 0 | BG175: 28942.717 | BI175: 0 | BJ175: 0 | BM175: 0 | BO175: 0 | BQ175: 364325.15 | BR175: 153213 | BS175: 211112.14
A176: 2017 | B176: enero | C176: 0 | D176: 17313.521 | E176: 505.17597 | F176: 16808.345 | G176: 0 | I176: 0 | J176: 0 | K176: 0 | N176: 4789.4174 | O176: 4789.4174 | P176: 0 | Q176: 22102.939 | R176: 5294.5934 | S176: 16808.345 | U176: 0 | V176: 1933.1631 | Y176: 3746.8748 | Z176: 844.17743 | AA176: 6524.2153 | AC176: 0 | AD176: 0 | AE176: 0 | AF176: 1968.5838 | AG176: 0 | AH176: 1968.5838 | AI176: 0 | AJ176: 3160.4183 | AK176: 530.86404 | AL176: 2629.5543 | AM176: 313.10043 | AN176: 313.10043 | AO176: 0 | AP176: 4.9801 | AQ176: 4.9801 | AR176: 0 | AU176: 0 | AV176: 0 | AW176: 0 | AX176: 0 | AY176: 5447.0827 | AZ176: 848.94457 | BA176: 4598.1381 | BC176: 0 | BD176: 0 | BE176: 1788.0844 | BF176: 0 | BG176: 1788.0844 | BI176: 0 | BJ176: 0 | BM176: 0 | BN176: 0 | BO176: 0 | BQ176: 35862.321 | BR176: 14455.838 | BS176: 21406.483
A177: 2017 | B177: febrero | C177: 1046.2517 | D177: 20124.41 | E177: 4411.5555 | F177: 15712.855 | G177: 0 | I177: 0 | J177: 0 | K177: 0 | N177: 3979.5129 | O177: 3979.5129 | P177: 0 | Q177: 25150.175 | R177: 9437.3201 | S177: 15712.855 | U177: 0 | V177: 1365.878 | Y177: 3827.8853 | Z177: 909.88274 | AA177: 6103.646 | AC177: 0 | AD177: 0 | AE177: 0 | AF177: 1072.3588 | AG177: 0 | AH177: 1072.3588 | AI177: 0 | AJ177: 3709.9366 | AK177: 1819.9141 | AL177: 1890.0224 | AM177: 0 | AN177: 0 | AO177: 0 | AP177: 15.48907 | AQ177: 0.63038 | AR177: 14.85869 | AU177: 0 | AV177: 0 | AW177: 0 | AX177: 0 | AY177: 4797.7844 | AZ177: 1820.5445 | BA177: 2977.2399 | BC177: 0 | BD177: 0 | BE177: 3585.4292 | BF177: 0 | BG177: 3585.4292 | BI177: 0 | BJ177: 0 | BM177: 0 | BN177: 0 | BO177: 0 | BQ177: 39637.035 | BR177: 20946.94 | BS177: 18690.095
A178: 2017 | B178: marzo | C178: 0 | D178: 17944.976 | E178: 2459.486 | F178: 15485.49 | G178: 0 | I178: 0 | J178: 0 | K178: 0 | N178: 5095.0596 | O178: 5095.0596 | P178: 0 | Q178: 23040.035 | R178: 7554.5456 | S178: 15485.49 | U178: 0 | V178: 0 | Y178: 2019.6091 | Z178: 0 | AA178: 2019.6091 | AC178: 0 | AD178: 0 | AE178: 0 | AF178: 684.91947 | AG178: 0 | AH178: 684.91947 | AI178: 0 | AJ178: 1304.4235 | AK178: 0 | AL178: 1304.4235 | AM178: 0 | AN178: 0 | AO178: 0 | AP178: 0 | AQ178: 0 | AR178: 0 | AU178: 0 | AV178: 0 | AW178: 0 | AX178: 0 | AY178: 1989.343 | AZ178: 0 | BA178: 1989.343 | BC178: 0 | BD178: 0 | BE178: 897.87617 | BF178: 0 | BG178: 897.87617 | BI178: 0 | BJ178: 0 | BM178: 0 | BN178: 0 | BO178: 0 | BQ178: 27946.864 | BR178: 10472.031 | BS178: 17474.833
A179: 2017 | B179: abril | C179: 0 | D179: 13259.322 | E179: 992.06337 | F179: 12267.259 | G179: 0 | I179: 0 | J179: 0 | K179: 0 | N179: 5782.1451 | O179: 5782.1451 | P179: 0 | Q179: 19041.468 | R179: 6774.2084 | S179: 12267.259 | U179: 0 | V179: 0 | Y179: 1767.7012 | Z179: 0 | AA179: 1767.7012 | AC179: 0 | AD179: 0 | AE179: 0 | AF179: 897.304 | AG179: 0 | AH179: 897.304 | AI179: 0 | AJ179: 2297.2564 | AK179: 0 | AL179: 2297.2564 | AM179: 0 | AN179: 0 | AO179: 0 | AP179: 0 | AQ179: 0 | AR179: 0 | AU179: 0 | AV179: 0 | AW179: 0 | AX179: 0 | AY179: 3194.5604 | AZ179: 0 | BA179: 3194.5604 | BC179: 0 | BD179: 0 | BE179: 1840.9191 | BF179: 0 | BG179: 1840.9191 | BI179: 0 | BJ179: 0 | BM179: 0 | BN179: 0 | BO179: 0 | BQ179: 25844.648 | BR179: 10382.829 | BS179: 15461.819
A180: 2017 | B180: mayo | C180: 0 | D180: 15414.466 | E180: 3023.5256 | F180: 12390.941 | G180: 0 | I180: 0 | J180: 0 | K180: 0 | N180: 3236.1389 | O180: 3236.1389 | P180: 0 | Q180: 18650.605 | R180: 6259.6645 | S180: 12390.941 | U180: 0 | V180: 0 | Y180: 2722.7252 | Z180: 0 | AA180: 2722.7252 | AC180: 0 | AD180: 0 | AE180: 0 | AF180: 1295.3169 | AG180: 0 | AH180: 1295.3169 | AI180: 0 | AJ180: 2608.5572 | AK180: 0 | AL180: 2608.5572 | AM180: 0 | AN180: 0 | AO180: 0 | AP180: 0 | AQ180: 0 | AR180: 0 | AU180: 0 | AV180: 0 | AW180: 0 | AX180: 0 | AY180: 3903.8741 | AZ180: 0 | BA180: 3903.8741 | BC180: 0 | BD180: 0 | BE180: 4111.9587 | BF180: 0 | BG180: 4111.9587 | BI180: 0 | BJ180: 0 | BM180: 0 | BN180: 0 | BO180: 0 | BQ180: 29389.163 | BR180: 13094.348 | BS180: 16294.815
A181: 2017 | B181: junio | C181: 1014.2727 | D181: 12176.748 | E181: 1987.7372 | F181: 10189.01 | G181: 0 | I181: 0 | J181: 0 | K181: 0 | N181: 7550.8432 | O181: 7550.8432 | P181: 0 | Q181: 20741.864 | R181: 10552.853 | S181: 10189.01 | U181: 0 | V181: 0 | Y181: 3581.3648 | Z181: 0 | AA181: 3581.3648 | AC181: 0 | AD181: 0 | AE181: 0 | AF181: 1491.8792 | AG181: 0 | AH181: 1491.8792 | AI181: 0 | AJ181: 2631.02 | AK181: 0 | AL181: 2631.02 | AM181: 0 | AN181: 0 | AO181: 0 | AP181: 0 | AQ181: 0 | AR181: 0 | AU181: 0 | AV181: 0 | AW181: 0 | AX181: 0 | AY181: 4122.8992 | AZ181: 0 | BA181: 4122.8992 | BC181: 0 | BD181: 0 | BE181: 923.30459 | BF181: 0 | BG181: 923.30459 | BI181: 0 | BJ181: 0 | BM181: 0 | BN181: 0 | BO181: 0 | BQ181: 29369.432 | BR181: 15057.523 | BS181: 14311.91
A182: 2017 | B182: julio | C182: 0 | D182: 10100.853 | E182: 497.6455 | F182: 9603.2077 | G182: 0 | I182: 1127.3798 | J182: 0 | K182: 0 | N182: 3815.3427 | O182: 3815.3427 | P182: 0 | Q182: 15043.576 | R182: 5440.3679 | S182: 9603.2077 | U182: 0 | V182: 66.26402 | Y182: 2701.4075 | Z182: 0 | AA182: 2767.6715 | AC182: 0 | AD182: 0 | AE182: 0 | AF182: 1745.7826 | AG182: 0 | AH182: 1745.7826 | AI182: 0 | AJ182: 4720.5835 | AK182: 2029.1816 | AL182: 2691.4018 | AM182: 820.38215 | AN182: 820.38215 | AO182: 0 | AP182: 0 | AQ182: 0 | AR182: 0 | AU182: 0 | AV182: 0 | AW182: 0 | AX182: 0 | AY182: 7286.7482 | AZ182: 2849.5638 | BA182: 4437.1845 | BC182: 0 | BD182: 0 | BE182: 4566.4369 | BF182: 0 | BG182: 4566.4369 | BI182: 0 | BJ182: 0 | BM182: 0 | BN182: 0 | BO182: 0 | BQ182: 29664.432 | BR182: 15624.04 | BS182: 14040.392
A183: 2017 | B183: agosto | C183: 0 | D183: 8493.2751 | E183: 495.20222 | F183: 7998.0728 | G183: 0 | I183: 0 | J183: 0 | K183: 0 | N183: 3832.1712 | O183: 3832.1712 | P183: 0 | Q183: 12325.446 | R183: 4327.3735 | S183: 7998.0728 | U183: 0 | V183: 1105.5757 | Y183: 2802.683 | Z183: 0 | AA183: 3908.2587 | AC183: 0 | AD183: 0 | AE183: 0 | AF183: 1785.3463 | AG183: 0 | AH183: 1785.3463 | AI183: 0 | AJ183: 4497.1186 | AK183: 1865.1412 | AL183: 2631.9774 | AM183: 0 | AN183: 0 | AO183: 0 | AP183: 0 | AQ183: 0 | AR183: 0 | AU183: 0 | AV183: 0 | AW183: 0 | AX183: 0 | AY183: 6282.4649 | AZ183: 1865.1412 | BA183: 4417.3237 | BC183: 0 | BD183: 0 | BE183: 9055.497 | BF183: 0 | BG183: 9055.497 | BI183: 0 | BJ183: 0 | BM183: 0 | BN183: 0 | BO183: 0 | BQ183: 31571.667 | BR183: 19156.27 | BS183: 12415.396
A184: 2017 | B184: septiembre | C184: 0 | D184: 14006.608 | E184: 2586.0449 | F184: 11420.563 | G184: 0 | I184: 0 | J184: 0 | K184: 0 | N184: 2969.142 | O184: 2969.142 | P184: 0 | Q184: 16975.75 | R184: 5555.1869 | S184: 11420.563 | U184: 0 | V184: 1091.9657 | Y184: 3577.2315 | Z184: 0 | AA184: 4669.1972 | AC184: 0 | AD184: 0 | AE184: 0 | AF184: 1037.5034 | AG184: 0 | AH184: 1037.5034 | AI184: 0 | AJ184: 2537.2745 | AK184: 0 | AL184: 2537.2745 | AM184: 0 | AN184: 0 | AO184: 0 | AP184: 0 | AQ184: 0 | AR184: 0 | AU184: 0 | AV184: 0 | AW184: 0 | AX184: 0 | AY184: 3574.7779 | AZ184: 0 | BA184: 3574.7779 | BC184: 0 | BD184: 0 | BE184: 1772.6407 | BF184: 0 | BG184: 1772.6407 | BI184: 0 | BJ184: 0 | BM184: 0 | BN184: 0 | BO184: 0 | BQ184: 26992.366 | BR184: 11997.025 | BS184: 14995.341
A185: 2017 | B185: octubre | C185: 878.23624 | D185: 20003.131 | E185: 3522.5322 | F185: 16480.599 | G185: 0 | I185: 0 | J185: 0 | K185: 0 | N185: 3697.3175 | O185: 3697.3175 | P185: 0 | Q185: 24578.685 | R185: 8098.086 | S185: 16480.599 | U185: 0 | V185: 0 | Y185: 2782.0729 | Z185: 2536.3621 | AA185: 5318.4351 | AC185: 0 | AD185: 0 | AE185: 0 | AF185: 1720.5359 | AG185: 0 | AH185: 1720.5359 | AI185: 0 | AJ185: 4362.1108 | AK185: 1872.28 | AL185: 2489.8309 | AM185: 0 | AN185: 0 | AO185: 0 | AP185: 0 | AQ185: 0 | AR185: 0 | AU185: 0 | AV185: 0 | AW185: 0 | AX185: 0 | AY185: 6082.6467 | AZ185: 1872.28 | BA185: 4210.3668 | BC185: 0 | BD185: 0 | BE185: 1795.2281 | BF185: 0 | BG185: 1795.2281 | BI185: 0 | BJ185: 0 | BM185: 0 | BN185: 0 | BO185: 0 | BQ185: 37774.994 | BR185: 17084.029 | BS185: 20690.965
A186: 2017 | B186: noviembre | C186: 172.30432 | D186: 19139.937 | E186: 2978.9489 | F186: 16160.988 | G186: 0 | I186: 0 | J186: 0 | K186: 0 | N186: 2947.6517 | O186: 2947.6517 | P186: 0 | Q186: 22259.893 | R186: 6098.9049 | S186: 16160.988 | U186: 0 | V186: 1962.6717 | Y186: 5265.1673 | Z186: 868.81811 | AA186: 8096.6571 | AC186: 0 | AD186: 0 | AE186: 0 | AF186: 713.69565 | AG186: 0 | AH186: 713.69565 | AI186: 0 | AJ186: 3298.8945 | AK186: 1033.6165 | AL186: 2265.278 | AM186: 0 | AN186: 0 | AO186: 0 | AP186: 0 | AQ186: 0 | AR186: 0 | AU186: 0 | AV186: 0 | AW186: 0 | AX186: 0 | AY186: 4012.5901 | AZ186: 1033.6165 | BA186: 2978.9737 | BC186: 0 | BD186: 0 | BE186: 3632.7443 | BF186: 0 | BG186: 3632.7443 | BI186: 0 | BJ186: 0 | BM186: 0 | BN186: 0 | BO186: 0 | BQ186: 38001.884 | BR186: 18861.923 | BS186: 19139.961
A187: 2017 | B187: diciembre | C187: 0 | D187: 20032.301 | E187: 3306.7742 | F187: 16725.527 | G187: 0 | I187: 0 | J187: 0 | K187: 0 | N187: 1855.0936 | O187: 1855.0936 | P187: 0 | Q187: 21887.395 | R187: 5161.8679 | S187: 16725.527 | U187: 0 | V187: 1017.0852 | Y187: 4710.6202 | Z187: 0 | AA187: 5727.7054 | AC187: 0 | AD187: 0 | AE187: 0 | AF187: 1144.0862 | AG187: 0 | AH187: 1144.0862 | AI187: 0 | AJ187: 3470.2853 | AK187: 918.79021 | AL187: 2551.4951 | AM187: 0 | AN187: 0 | AO187: 0 | AP187: 0 | AQ187: 0 | AR187: 0 | AU187: 0 | AV187: 0 | AW187: 0 | AX187: 0 | AY187: 4614.3715 | AZ187: 918.79021 | BA187: 3695.5813 | BC187: 0 | BD187: 0 | BE187: 5007.0876 | BF187: 0 | BG187: 5007.0876 | BI187: 0 | BJ187: 0 | BM187: 0 | BN187: 0 | BO187: 0 | BQ187: 37236.559 | BR187: 16815.451 | BS187: 20421.108
A188: 2017 | B188: total | C188: 3111.065 | D188: 188009.55 | E188: 26766.692 | F188: 161242.86 | G188: 0 | I188: 1127.3798 | J188: 0 | K188: 0 | N188: 49549.836 | O188: 49549.836 | P188: 0 | Q188: 241797.83 | R188: 80554.972 | S188: 161242.86 | U188: 0 | V188: 8542.6034 | Y188: 39505.343 | Z188: 5159.2404 | AA188: 53207.187 | AC188: 0 | AD188: 0 | AE188: 0 | AF188: 15557.312 | AG188: 0 | AH188: 15557.312 | AI188: 0 | AJ188: 38597.879 | AK188: 10069.788 | AL188: 28528.092 | AM188: 1133.4826 | AN188: 1133.4826 | AO188: 0 | AP188: 20.46917 | AQ188: 5.61048 | AR188: 14.85869 | AU188: 0 | AV188: 0 | AW188: 0 | AX188: 0 | AY188: 55309.143 | AZ188: 11208.881 | BA188: 44100.263 | BC188: 0 | BD188: 0 | BE188: 38977.207 | BF188: 0 | BG188: 38977.207 | BI188: 0 | BJ188: 0 | BM188: 0 | BN188: 0 | BO188: 0 | BQ188: 389291.37 | BR188: 183948.25 | BS188: 205343.12
A189: 2018 | B189: enero | C189: 0 | D189: 21847.198 | E189: 3641.8945 | F189: 18205.304 | G189: 0 | I189: 0 | J189: 0 | K189: 0 | M189: 0 | N189: 6792.8551 | O189: 6792.8551 | P189: 0 | Q189: 28640.053 | R189: 10434.75 | S189: 18205.304 | U189: 0 | V189: 0 | Y189: 1699.5676 | Z189: 886.70218 | AA189: 2586.2698 | AC189: 0 | AD189: 0 | AE189: 0 | AF189: 1187.3477 | AG189: 0 | AH189: 1187.3477 | AI189: 0 | AJ189: 2623.5875 | AK189: 0 | AL189: 2623.5875 | AM189: 0 | AN189: 0 | AO189: 0 | AP189: 0 | AQ189: 0 | AR189: 0 | AU189: 0 | AV189: 1029.9065 | AW189: 1029.9065 | AX189: 0 | AY189: 4840.8417 | AZ189: 1029.9065 | BA189: 3810.9352 | BC189: 0 | BD189: 0 | BE189: 1775.5541 | BF189: 0 | BG189: 1775.5541 | BI189: 0 | BJ189: 0 | BL189: 0 | BM189: 0 | BN189: 0 | BO189: 0 | BQ189: 37842.719 | BR189: 15826.48 | BS189: 22016.239
A190: 2018 | B190: febrero | C190: 0 | D190: 19581.547 | E190: 2811.935 | F190: 16769.612 | G190: 0 | I190: 0 | J190: 0 | K190: 0 | M190: 0 | N190: 2541.5414 | O190: 2541.5414 | P190: 0 | Q190: 22123.089 | R190: 5353.4764 | S190: 16769.612 | U190: 0 | V190: 0 | Y190: 1785.925 | Z190: 0 | AA190: 1785.925 | AC190: 0 | AD190: 0 | AE190: 0 | AF190: 1124.9423 | AG190: 0 | AH190: 1124.9423 | AI190: 0 | AJ190: 3829.4037 | AK190: 974.64465 | AL190: 2854.759 | AM190: 0 | AN190: 0 | AO190: 0 | AP190: 10.026 | AQ190: 0 | AR190: 10.026 | AU190: 0 | AV190: 0 | AW190: 0 | AX190: 0 | AY190: 4964.372 | AZ190: 974.64465 | BA190: 3989.7273 | BC190: 0 | BD190: 0 | BE190: 2703.7693 | BF190: 0 | BG190: 2703.7693 | BI190: 0 | BJ190: 0 | BL190: 0 | BM190: 0 | BN190: 0 | BO190: 0 | BQ190: 31577.155 | BR190: 10817.815 | BS190: 20759.34
A191: 2018 | B191: marzo | C191: 0 | D191: 19583.141 | E191: 1479.1602 | F191: 18103.98 | G191: 0 | I191: 0 | J191: 0 | K191: 0 | M191: 0 | N191: 3419.4663 | O191: 3419.4663 | P191: 0 | Q191: 23002.607 | R191: 4898.6265 | S191: 18103.98 | U191: 0 | V191: 0 | Y191: 714.01989 | Z191: 1812.5738 | AA191: 2526.5937 | AC191: 0 | AD191: 0 | AE191: 0 | AF191: 1367.3508 | AG191: 486.8097 | AH191: 880.54109 | AI191: 0 | AJ191: 2621.3008 | AK191: 0 | AL191: 2621.3008 | AM191: 0 | AN191: 0 | AO191: 0 | AP191: 0 | AQ191: 0 | AR191: 0 | AU191: 0 | AV191: 0 | AW191: 0 | AX191: 0 | AY191: 3988.6516 | AZ191: 486.8097 | BA191: 3501.8419 | BC191: 0 | BD191: 0 | BE191: 2694.5845 | BF191: 0 | BG191: 2694.5845 | BI191: 0 | BJ191: 0 | BL191: 0 | BM191: 0 | BN191: 0 | BO191: 0 | BQ191: 32212.437 | BR191: 10606.614 | BS191: 21605.822
A192: 2018 | B192: abril | C192: 1016.2677 | D192: 17116.019 | E192: 491.64997 | F192: 16624.369 | G192: 0 | I192: 0 | J192: 0 | K192: 0 | M192: 0 | N192: 3014.3636 | O192: 3014.3636 | P192: 0 | Q192: 21146.65 | R192: 4522.2813 | S192: 16624.369 | U192: 0 | V192: 0 | Y192: 0 | Z192: 2670.1705 | AA192: 2670.1705 | AC192: 0 | AD192: 0 | AE192: 0 | AF192: 401.00554 | AG192: 0 | AH192: 401.00554 | AI192: 0 | AJ192: 2638.1058 | AK192: 892.58091 | AL192: 1745.5249 | AM192: 0 | AN192: 0 | AO192: 0 | AP192: 17.0442 | AQ192: 0 | AR192: 17.0442 | AU192: 0 | AV192: 1102.193 | AW192: 1102.193 | AX192: 0 | AY192: 4158.3485 | AZ192: 1994.7739 | BA192: 2163.5746 | BC192: 0 | BD192: 0 | BE192: 4581.3355 | BF192: 0 | BG192: 4581.3355 | BI192: 0 | BJ192: 0 | BL192: 0 | BM192: 0 | BN192: 0 | BO192: 0 | BQ192: 32556.505 | BR192: 13768.561 | BS192: 18787.944
A193: 2018 | B193: mayo | C193: 16.89031 | D193: 16417.37 | E193: 499.907 | F193: 15917.463 | G193: 0 | I193: 0 | J193: 0 | K193: 0 | M193: 0 | N193: 3698.0644 | O193: 3698.0644 | P193: 0 | Q193: 20132.324 | R193: 4214.8617 | S193: 15917.463 | U193: 0 | V193: 0 | Y193: 0 | Z193: 2734.6109 | AA193: 2734.6109 | AC193: 0 | AD193: 0 | AE193: 0 | AF193: 291.78001 | AG193: 0 | AH193: 291.78001 | AI193: 0 | AJ193: 1854.7191 | AK193: 0 | AL193: 1854.7191 | AM193: 0 | AN193: 0 | AO193: 0 | AP193: 0 | AQ193: 0 | AR193: 0 | AU193: 0 | AV193: 0 | AW193: 0 | AX193: 0 | AY193: 2146.4991 | AZ193: 0 | BA193: 2146.4991 | BC193: 0 | BD193: 0 | BE193: 5054.7746 | BF193: 0 | BG193: 5054.7746 | BI193: 0 | BJ193: 0 | BL193: 0 | BM193: 0 | BN193: 0 | BO193: 0 | BQ193: 30068.209 | BR193: 12004.247 | BS193: 18063.962
A194: 2018 | B194: junio | C194: 0 | D194: 17979.078 | E194: 1982.5943 | F194: 15996.484 | G194: 0 | I194: 0 | J194: 0 | K194: 0 | M194: 0 | N194: 3736.9048 | O194: 3736.9048 | P194: 0 | Q194: 21715.983 | R194: 5719.4991 | S194: 15996.484 | U194: 0 | V194: 0 | Y194: 876.31363 | Z194: 3394.4141 | AA194: 4270.7277 | AC194: 0 | AD194: 0 | AE194: 0 | AF194: 51.04297 | AG194: 0 | AH194: 51.04297 | AI194: 0 | AJ194: 2979.345 | AK194: 960.47029 | AL194: 2018.8747 | AM194: 0 | AN194: 0 | AO194: 0 | AP194: 0 | AQ194: 0 | AR194: 0 | AU194: 0 | AV194: 1112.3386 | AW194: 1112.3386 | AX194: 0 | AY194: 4142.7265 | AZ194: 2072.8089 | BA194: 2069.9177 | BC194: 0 | BD194: 0 | BE194: 1815.7182 | BF194: 0 | BG194: 1815.7182 | BI194: 0 | BJ194: 0 | BL194: 0 | BM194: 0 | BN194: 0 | BO194: 0 | BQ194: 31945.155 | BR194: 13878.754 | BS194: 18066.402
A195: 2018 | B195: julio | C195: 0 | D195: 14480.349 | E195: 979.38164 | F195: 13500.967 | G195: 0 | I195: 0 | J195: 0 | K195: 0 | M195: 0 | N195: 2907.007 | O195: 2907.007 | P195: 0 | Q195: 17387.356 | R195: 3886.3887 | S195: 13500.967 | U195: 0 | V195: 0 | Y195: 4057.8711 | Z195: 1699.0767 | AA195: 5756.9478 | AC195: 0 | AD195: 0 | AE195: 0 | AF195: 118.2428 | AG195: 0 | AH195: 118.2428 | AI195: 0 | AJ195: 2086.1705 | AK195: 0 | AL195: 2086.1705 | AM195: 0 | AN195: 0 | AO195: 0 | AP195: 19.04941 | AQ195: 0 | AR195: 19.04941 | AU195: 0 | AV195: 1109.3519 | AW195: 1109.3519 | AX195: 0 | AY195: 3332.8147 | AZ195: 1109.3519 | BA195: 2223.4628 | BC195: 0 | BD195: 0 | BE195: 2699.2072 | BF195: 0 | BG195: 2699.2072 | BI195: 0 | BJ195: 0 | BL195: 0 | BM195: 0 | BN195: 0 | BO195: 0 | BQ195: 29176.326 | BR195: 13451.896 | BS195: 15724.43
A196: 2018 | B196: agosto | C196: 0 | D196: 14788.336 | E196: 990.529 | F196: 13797.807 | G196: 0 | I196: 0 | J196: 0 | K196: 0 | M196: 0 | N196: 1828.3691 | O196: 1828.3691 | P196: 0 | Q196: 16616.705 | R196: 2818.8981 | S196: 13797.807 | U196: 0 | V196: 949.67852 | Y196: 1775.6591 | Z196: 2559.9291 | AA196: 5285.2667 | AC196: 895.97693 | AD196: 895.97693 | AE196: 0 | AF196: 207.70761 | AG196: 0 | AH196: 207.70761 | AI196: 0 | AJ196: 3958.3693 | AK196: 1872.1988 | AL196: 2086.1705 | AM196: 0 | AN196: 0 | AO196: 0 | AP196: 0.60263 | AQ196: 0.60263 | AR196: 0 | AU196: 0 | AV196: 0 | AW196: 0 | AX196: 0 | AY196: 5062.6565 | AZ196: 2768.7784 | BA196: 2293.8782 | BC196: 0 | BD196: 0 | BE196: 3181.8081 | BF196: 0 | BG196: 3181.8081 | BI196: 0 | BJ196: 0 | BL196: 0 | BM196: 0 | BN196: 0 | BO196: 0 | BQ196: 30146.436 | BR196: 14054.751 | BS196: 16091.685
A197: 2018 | B197: septiembre | C197: 0 | D197: 13763.282 | E197: 0 | F197: 13763.282 | G197: 0 | I197: 0 | J197: 0 | K197: 0 | M197: 0 | N197: 3725.0866 | O197: 3725.0866 | P197: 0 | Q197: 17488.369 | R197: 3725.0866 | S197: 13763.282 | U197: 0 | V197: 0 | Y197: 858.12534 | Z197: 1675.9353 | AA197: 2534.0606 | AC197: 0.454 | AD197: 0 | AE197: 0.454 | AF197: 1225.9549 | AG197: 0 | AH197: 1225.9549 | AI197: 0 | AJ197: 2146.5229 | AK197: 0 | AL197: 2146.5229 | AM197: 0 | AN197: 0 | AO197: 0 | AP197: 0 | AQ197: 0 | AR197: 0 | AU197: 0 | AV197: 997.11267 | AW197: 997.11267 | AX197: 0 | AY197: 4370.0445 | AZ197: 997.11267 | BA197: 3372.9318 | BC197: 0 | BD197: 0 | BE197: 5028.3927 | BF197: 0 | BG197: 5028.3927 | BI197: 0 | BJ197: 0 | BL197: 0 | BM197: 0 | BN197: 0 | BO197: 0 | BQ197: 29420.867 | BR197: 12284.653 | BS197: 17136.214
A198: 2018 | B198: octubre | C198: 0 | D198: 13397.267 | E198: 993.79994 | F198: 12403.467 | G198: 0 | I198: 0 | J198: 0 | K198: 0 | M198: 0 | N198: 3909.9229 | O198: 3909.9229 | P198: 0 | Q198: 17307.19 | R198: 4903.7229 | S198: 12403.467 | U198: 0 | V198: 1407.1735 | Y198: 2802.9743 | Z198: 1683.4888 | AA198: 5893.6365 | AC198: 0 | AD198: 0 | AE198: 0 | AF198: 1629.6191 | AG198: 0 | AH198: 1629.6191 | AI198: 0 | AJ198: 3682.1478 | AK198: 919.90141 | AL198: 2762.2464 | AM198: 0 | AN198: 0 | AO198: 0 | AP198: 47.63904 | AQ198: 0 | AR198: 47.63904 | AU198: 0 | AV198: 2225.8121 | AW198: 2225.8121 | AX198: 0 | AY198: 7585.218 | AZ198: 3145.7135 | BA198: 4439.5045 | BC198: 0 | BD198: 0 | BE198: 3668.4228 | BF198: 0 | BG198: 3668.4228 | BI198: 0 | BJ198: 0 | BL198: 0 | BM198: 0 | BN198: 0 | BO198: 0 | BQ198: 34454.467 | BR198: 17611.496 | BS198: 16842.971
A199: 2018 | B199: noviembre | C199: 0 | D199: 15323.67 | E199: 991.73692 | F199: 14331.933 | G199: 0 | I199: 0 | J199: 0 | K199: 0 | M199: 0 | N199: 5307.5604 | O199: 5307.5604 | P199: 0 | Q199: 20631.231 | R199: 6299.2973 | S199: 14331.933 | U199: 0 | V199: 0 | Y199: 1940.9882 | Z199: 2558.8255 | AA199: 4499.8137 | AC199: 0 | AD199: 0 | AE199: 0 | AF199: 1655.7803 | AG199: 0 | AH199: 1655.7803 | AI199: 0 | AJ199: 3241.558 | AK199: 0 | AL199: 3241.558 | AM199: 0 | AN199: 0 | AO199: 0 | AP199: 12.0312 | AQ199: 0 | AR199: 12.0312 | AU199: 0 | AV199: 1091.5911 | AW199: 1091.5911 | AX199: 0 | AY199: 6000.9606 | AZ199: 1091.5911 | BA199: 4909.3695 | BC199: 0 | BD199: 0 | BE199: 1756.2041 | BF199: 0 | BG199: 1756.2041 | BI199: 0 | BJ199: 0 | BL199: 0 | BM199: 0 | BN199: 0 | BO199: 0 | BQ199: 32888.209 | BR199: 13646.906 | BS199: 19241.303
A200: 2018 | B200: diciembre | C200: 0 | D200: 16671.691 | E200: 1987.4208 | F200: 14684.27 | G200: 863.24386 | I200: 0 | J200: 0 | K200: 0 | M200: 0 | N200: 5086.4643 | O200: 5086.4643 | P200: 0 | Q200: 22621.399 | R200: 7937.129 | S200: 14684.27 | U200: 0 | V200: 1001.428 | Y200: 2783.162 | Z200: 2565.8072 | AA200: 6350.3973 | AC200: 0 | AD200: 0 | AE200: 0 | AF200: 2195.8714 | AG200: 0 | AH200: 2195.8714 | AI200: 15.023 | AJ200: 4149.1049 | AK200: 942.34477 | AL200: 3206.7601 | AM200: 0 | AN200: 0 | AO200: 0 | AP200: 0 | AQ200: 0 | AR200: 0 | AU200: 0 | AV200: 1092.2097 | AW200: 1092.2097 | AX200: 0 | AY200: 7452.2089 | AZ200: 2049.5774 | BA200: 5402.6315 | BC200: 0 | BD200: 0 | BE200: 2726.8158 | BF200: 0 | BG200: 2726.8158 | BI200: 0 | BJ200: 0 | BL200: 0 | BM200: 0 | BN200: 0 | BO200: 0 | BQ200: 39150.821 | BR200: 19063.92 | BS200: 20086.902
A201: 2018 | B201: total | C201: 1033.158 | D201: 200948.95 | E201: 16850.009 | F201: 184098.94 | G201: 863.24386 | I201: 0 | J201: 0 | K201: 0 | M201: 0 | N201: 45967.606 | O201: 45967.606 | P201: 0 | Q201: 248812.96 | R201: 64714.017 | S201: 184098.94 | U201: 0 | V201: 3358.28 | Y201: 19294.606 | Z201: 24241.534 | AA201: 46894.42 | AC201: 896.43093 | AD201: 895.97693 | AE201: 0.454 | AF201: 11456.645 | AG201: 486.8097 | AH201: 10969.836 | AI201: 15.023 | AJ201: 35810.335 | AK201: 6562.1408 | AL201: 29248.195 | AM201: 0 | AN201: 0 | AO201: 0 | AP201: 106.39248 | AQ201: 0.60263 | AR201: 105.78985 | AU201: 0 | AV201: 9760.5155 | AW201: 9760.5155 | AX201: 0 | AY201: 58045.343 | AZ201: 17721.069 | BA201: 40324.274 | BC201: 0 | BD201: 0 | BE201: 37686.587 | BF201: 0 | BG201: 37686.587 | BI201: 0 | BJ201: 0 | BL201: 0 | BM201: 0 | BN201: 0 | BO201: 0 | BQ201: 391439.31 | BR201: 167016.09 | BS201: 224423.21
A202: 2019 | B202: enero | C202: 0 | D202: 17738.256 | E202: 1491.3273 | F202: 16246.928 | G202: 0 | I202: 0 | J202: 0 | K202: 0 | M202: 0 | N202: 4703.1017 | O202: 4703.1017 | P202: 0 | Q202: 22441.357 | R202: 6194.429 | S202: 16246.928 | U202: 0 | V202: 1988.1584 | Y202: 0 | Z202: 2663.2198 | AA202: 4651.3782 | AC202: 0 | AD202: 0 | AE202: 0 | AF202: 3538.2593 | AG202: 0 | AH202: 3538.2593 | AI202: 36.995 | AJ202: 2704.2738 | AK202: 0 | AL202: 2704.2738 | AM202: 0 | AN202: 0 | AO202: 0 | AP202: 397.8411 | AQ202: 0 | AR202: 397.8411 | AU202: 0 | AV202: 1025.4694 | AW202: 1025.4694 | AX202: 0 | AY202: 7702.8386 | AZ202: 1062.4644 | BA202: 6640.3742 | BC202: 0 | BD202: 0 | BE202: 1798.8742 | BF202: 0 | BG202: 1798.8742 | BI202: 0 | BJ202: 0 | BK202: 0 | BL202: 0 | BM202: 0 | BN202: 0 | BO202: 0 | BQ202: 36594.448 | BR202: 13707.146 | BS202: 22887.302
A203: 2019 | B203: febrero | C203: 1025.4223 | D203: 10769.55 | E203: 0 | F203: 10769.55 | G203: 0 | I203: 0 | J203: 0 | K203: 0 | M203: 0 | N203: 4665.7534 | O203: 4665.7534 | P203: 0 | Q203: 16460.725 | R203: 5691.1756 | S203: 10769.55 | U203: 0 | V203: 212.94216 | Y203: 0 | Z203: 2679.5619 | AA203: 2892.5041 | AC203: 0 | AD203: 0 | AE203: 0 | AF203: 3572.555 | AG203: 0 | AH203: 3572.555 | AI203: 24.459 | AJ203: 2954.0578 | AK203: 923.28338 | AL203: 2030.7745 | AM203: 0 | AN203: 0 | AO203: 0 | AP203: 490.29861 | AQ203: 0 | AR203: 490.29861 | AU203: 0 | AV203: 1097.032 | AW203: 1097.032 | AX203: 0 | AY203: 8138.4024 | AZ203: 2044.7744 | BA203: 6093.6281 | BC203: 0 | BD203: 0 | BE203: 1786.3922 | BF203: 0 | BG203: 1786.3922 | BI203: 0 | BJ203: 0 | BK203: 0 | BL203: 0 | BM203: 0 | BN203: 0 | BO203: 0 | BQ203: 29278.024 | BR203: 12414.846 | BS203: 16863.178
A204: 2019 | B204: marzo | C204: 0 | D204: 6952.7243 | E204: 0 | F204: 6952.7243 | G204: 966.06296 | I204: 0 | J204: 0 | K204: 0 | M204: 0 | N204: 3951.648 | O204: 3951.648 | P204: 0 | Q204: 11870.435 | R204: 4917.711 | S204: 6952.7243 | U204: 0 | V204: 4894.9297 | Y204: 0 | Z204: 3793.2975 | AA204: 8688.2271 | AC204: 0 | AD204: 0 | AE204: 0 | AF204: 3987.741 | AG204: 0 | AH204: 3987.741 | AI204: 25.28 | AJ204: 2169.6965 | AK204: 0 | AL204: 2169.6965 | AM204: 0 | AN204: 0 | AO204: 0 | AP204: 373.33878 | AQ204: 0 | AR204: 373.33878 | AU204: 0 | AV204: 0 | AW204: 0 | AX204: 0 | AY204: 6556.0563 | AZ204: 25.28 | BA204: 6530.7763 | BC204: 0 | BD204: 0 | BE204: 2692.7581 | BF204: 0 | BG204: 2692.7581 | BI204: 0 | BJ204: 0 | BK204: 0 | BL204: 0 | BM204: 0 | BN204: 0 | BO204: 0 | BQ204: 29807.477 | BR204: 16323.976 | BS204: 13483.501
A205: 2019 | B205: abril | C205: 0 | D205: 12020.841 | E205: 3227.8061 | F205: 8793.035 | G205: 0 | I205: 0 | J205: 0 | K205: 0 | M205: 0 | N205: 4757.2656 | O205: 4757.2656 | P205: 0 | Q205: 16778.107 | R205: 7985.0718 | S205: 8793.035 | U205: 0 | V205: 995.63467 | Y205: 0 | Z205: 2678.2885 | AA205: 3673.9232 | AC205: 0 | AD205: 0 | AE205: 0 | AF205: 2353.4067 | AG205: 0 | AH205: 2353.4067 | AI205: 30.766 | AJ205: 2931.3742 | AK205: 926.53592 | AL205: 2004.8383 | AM205: 0 | AN205: 0 | AO205: 0 | AP205: 214.18929 | AQ205: 0 | AR205: 214.18929 | AU205: 0 | AV205: 1093.0632 | AW205: 1093.0632 | AX205: 0 | AY205: 6622.7995 | AZ205: 2050.3651 | BA205: 4572.4343 | BC205: 0 | BD205: 0 | BE205: 2733.0774 | BF205: 0 | BG205: 2733.0774 | BI205: 0 | BJ205: 0 | BK205: 0 | BL205: 0 | BM205: 0 | BN205: 0 | BO205: 0 | BQ205: 29807.907 | BR205: 16442.438 | BS205: 13365.469
A206: 2019 | B206: mayo | C206: 1007.7889 | D206: 12082.32 | E206: 2741.8543 | F206: 9340.4659 | G206: 0 | I206: 0 | J206: 0 | K206: 0 | M206: 0 | N206: 3921.4013 | O206: 3921.4013 | P206: 0 | Q206: 17011.51 | R206: 7671.0445 | S206: 9340.4659 | U206: 0 | V206: 3944.6198 | Y206: 0 | Z206: 2711.8567 | AA206: 6656.4765 | AC206: 0 | AD206: 0 | AE206: 0 | AF206: 1201.9541 | AG206: 0 | AH206: 1201.9541 | AI206: 38.805 | AJ206: 2770.7114 | AK206: 0 | AL206: 2770.7114 | AM206: 0 | AN206: 0 | AO206: 0 | AP206: 49.97396 | AQ206: 0 | AR206: 49.97396 | AU206: 0 | AV206: 2300.4841 | AW206: 2300.4841 | AX206: 0 | AY206: 6361.9286 | AZ206: 2339.2891 | BA206: 4022.6395 | BC206: 0 | BD206: 0 | BE206: 4500.2843 | BF206: 0 | BG206: 4500.2843 | BI206: 0 | BJ206: 0 | BK206: 0 | BL206: 0 | BM206: 0 | BN206: 0 | BO206: 0 | BQ206: 34530.2 | BR206: 21167.094 | BS206: 13363.105
A207: 2019 | B207: junio | C207: 0 | D207: 8042.1705 | E207: 0 | F207: 8042.1705 | G207: 0 | I207: 0 | J207: 0 | K207: 0 | M207: 0 | N207: 2949.2958 | O207: 2949.2958 | P207: 0 | Q207: 10991.466 | R207: 2949.2958 | S207: 8042.1705 | U207: 0 | V207: 5250.4452 | Y207: 984 | Z207: 2621.7799 | AA207: 8856.2251 | AC207: 0 | AD207: 0 | AE207: 0 | AF207: 2179.2814 | AG207: 0 | AH207: 2179.2814 | AI207: 29.176 | AJ207: 2865.2657 | AK207: 1874.1797 | AL207: 991.08603 | AM207: 0 | AN207: 0 | AO207: 0 | AP207: 135.97194 | AQ207: 0 | AR207: 135.97194 | AU207: 0 | AV207: 2148.7182 | AW207: 2148.7182 | AX207: 0 | AY207: 7358.4133 | AZ207: 4052.0739 | BA207: 3306.3394 | BC207: 0 | BD207: 0 | BE207: 4892.5968 | BF207: 0 | BG207: 4892.5968 | BI207: 0 | BJ207: 0 | BK207: 0 | BL207: 0 | BM207: 0 | BN207: 0 | BO207: 0 | BQ207: 32098.701 | BR207: 20750.192 | BS207: 11348.51
A208: 2019 | B208: julio | C208: 0 | D208: 8450.1838 | E208: 0 | F208: 8450.1838 | G208: 0 | I208: 0 | J208: 0 | K208: 0 | M208: 0 | N208: 4202.3331 | O208: 4202.3331 | P208: 0 | Q208: 12652.517 | R208: 4202.3331 | S208: 8450.1838 | U208: 0 | V208: 2064.2992 | Y208: 0 | Z208: 4346.285 | AA208: 6410.5842 | AC208: 0 | AD208: 0 | AE208: 0 | AF208: 2753.8224 | AG208: 0 | AH208: 2753.8224 | AI208: 31.347 | AJ208: 1988.7467 | AK208: 925.83907 | AL208: 1062.9077 | AM208: 0 | AN208: 0 | AO208: 0 | AP208: 0 | AQ208: 0 | AR208: 0 | AU208: 0 | AV208: 6377.6372 | AW208: 6377.6372 | AX208: 0 | AY208: 11151.553 | AZ208: 7334.8233 | BA208: 3816.73 | BC208: 0 | BD208: 0 | BE208: 9643.6966 | BF208: 0 | BG208: 9643.6966 | BI208: 0 | BJ208: 0 | BK208: 0 | BL208: 0 | BM208: 0 | BN208: 0 | BO208: 0 | BQ208: 39858.351 | BR208: 27591.437 | BS208: 12266.914
A209: 2019 | B209: agosto | C209: 1017.5939 | D209: 8390.482 | E209: 994.72478 | F209: 7395.7573 | G209: 0 | I209: 0 | J209: 0 | K209: 0 | M209: 0 | N209: 4911.5757 | O209: 4911.5757 | P209: 0 | Q209: 14319.652 | R209: 6923.8944 | S209: 7395.7573 | U209: 0 | V209: 979.17609 | Y209: 0 | Z209: 2576.7481 | AA209: 3555.9242 | AC209: 1038.3118 | AD209: 1038.3118 | AE209: 0 | AF209: 3452.982 | AG209: 0 | AH209: 3452.982 | AI209: 27.435 | AJ209: 1918.75 | AK209: 868.64907 | AL209: 1050.101 | AM209: 0 | AN209: 0 | AO209: 0 | AP209: 0 | AQ209: 0 | AR209: 0 | AU209: 0 | AV209: 6432.0653 | AW209: 6432.0653 | AX209: 0 | AY209: 12869.544 | AZ209: 8366.4612 | BA209: 4503.0829 | BC209: 0 | BD209: 0 | BE209: 7278.502 | BF209: 0 | BG209: 7278.502 | BI209: 0 | BJ209: 0 | BK209: 0 | BL209: 0 | BM209: 0 | BN209: 0 | BO209: 0 | BQ209: 38023.622 | BR209: 26124.782 | BS209: 11898.84
A210: 2019 | B210: septiembre | C210: 0 | D210: 8786.3657 | E210: 2010.9246 | F210: 6775.4411 | G210: 0 | I210: 0 | J210: 0 | K210: 0 | M210: 0 | N210: 3511.7937 | O210: 3511.7937 | P210: 0 | Q210: 12298.159 | R210: 5522.7184 | S210: 6775.4411 | U210: 0 | V210: 6529.3125 | Y210: 859.92505 | Z210: 4052.8324 | AA210: 11442.07 | AC210: 1.48015 | AD210: 0 | AE210: 1.48015 | AF210: 2154.1872 | AG210: 0 | AH210: 2154.1872 | AI210: 29.275 | AJ210: 1997.5756 | AK210: 0 | AL210: 1997.5756 | AM210: 0 | AN210: 0 | AO210: 0 | AP210: 0 | AQ210: 0 | AR210: 0 | AU210: 0 | AV210: 7479.8334 | AW210: 7479.8334 | AX210: 0 | AY210: 11662.351 | AZ210: 7509.1084 | BA210: 4153.2429 | BC210: 0 | BD210: 0 | BE210: 5060.7276 | BF210: 0 | BG210: 5060.7276 | BI210: 0 | BJ210: 0 | BK210: 0 | BL210: 0 | BM210: 0 | BN210: 0 | BO210: 0 | BQ210: 40463.308 | BR210: 29534.624 | BS210: 10928.684
A211: 2019 | B211: octubre | C211: 0 | D211: 14635.787 | E211: 1611.7008 | F211: 13024.086 | G211: 0 | I211: 0 | J211: 0 | K211: 0 | M211: 0 | N211: 2962.0547 | O211: 2962.0547 | P211: 0 | Q211: 17597.842 | R211: 4573.7556 | S211: 13024.086 | U211: 0 | V211: 5265.3349 | Y211: 3177.9865 | Z211: 0 | AA211: 8443.3214 | AC211: 9.18714 | AD211: 0 | AE211: 9.18714 | AF211: 3793.811 | AG211: 0 | AH211: 3793.811 | AI211: 30.117 | AJ211: 2237.5831 | AK211: 929.27051 | AL211: 1308.3126 | AM211: 0 | AN211: 0 | AO211: 0 | AP211: 0 | AQ211: 0 | AR211: 0 | AU211: 0 | AV211: 3247.2381 | AW211: 3247.2381 | AX211: 0 | AY211: 9317.9364 | AZ211: 4206.6256 | BA211: 5111.3108 | BC211: 0 | BD211: 0 | BE211: 2155.4549 | BF211: 0 | BG211: 2155.4549 | BI211: 0 | BJ211: 0 | BK211: 0 | BL211: 0 | BM211: 0 | BN211: 0 | BO211: 0 | BQ211: 37514.555 | BR211: 19379.158 | BS211: 18135.397
A212: 2019 | B212: noviembre | C212: 0 | D212: 14721.874 | E212: 0 | F212: 14721.874 | G212: 0 | I212: 0 | J212: 0 | K212: 0 | M212: 0 | N212: 2823.5958 | O212: 2823.5958 | P212: 0 | Q212: 17545.469 | R212: 2823.5958 | S212: 14721.874 | U212: 0 | V212: 8805.6199 | Y212: 965.87266 | Z212: 1581.4617 | AA212: 11352.954 | AC212: 0 | AD212: 0 | AE212: 0 | AF212: 256.42534 | AG212: 0 | AH212: 256.42534 | AI212: 37.802 | AJ212: 1194.9334 | AK212: 0 | AL212: 1194.9334 | AM212: 0 | AN212: 0 | AO212: 0 | AP212: 95.07904 | AQ212: 0 | AR212: 95.07904 | AU212: 0 | AV212: 1158.1175 | AW212: 1158.1175 | AX212: 0 | AY212: 2742.3573 | AZ212: 1195.9195 | BA212: 1546.4378 | BC212: 0 | BD212: 0 | BE212: 2656.4397 | BF212: 0 | BG212: 2656.4397 | BI212: 0 | BJ212: 0 | BK212: 0 | BL212: 0 | BM212: 0 | BN212: 0 | BO212: 0 | BQ212: 34297.22 | BR212: 18028.909 | BS212: 16268.311
A213: 2019 | B213: diciembre | C213: 0 | D213: 15804.175 | E213: 0 | F213: 15804.175 | G213: 0 | I213: 0 | J213: 974.96422 | K213: 0 | M213: 0 | N213: 4583.5593 | O213: 4583.5593 | P213: 0 | Q213: 21362.698 | R213: 5558.5235 | S213: 15804.175 | U213: 0 | V213: 5195.8999 | Y213: 0 | Z213: 1705.022 | AA213: 6900.9219 | AC213: 0 | AD213: 0 | AE213: 0 | AF213: 78.95648 | AG213: 0 | AH213: 78.95648 | AI213: 53.589 | AJ213: 1518.2562 | AK213: 926.23053 | AL213: 592.02564 | AM213: 0 | AN213: 0 | AO213: 0 | AP213: 178.81214 | AQ213: 0 | AR213: 178.81214 | AU213: 0 | AV213: 3258.5558 | AW213: 3258.5558 | AX213: 0 | AY213: 5088.1696 | AZ213: 4238.3753 | BA213: 849.79426 | BC213: 0 | BD213: 0 | BE213: 2710.9794 | BF213: 0 | BG213: 2710.9794 | BI213: 0 | BJ213: 0 | BK213: 0 | BL213: 0 | BM213: 0 | BN213: 0 | BO213: 0 | BQ213: 36062.769 | BR213: 19408.8 | BS213: 16653.969
A214: 2019 | B214: total | C214: 3050.8051 | D214: 138394.73 | E214: 12078.338 | F214: 126316.39 | G214: 966.06296 | I214: 0 | J214: 974.96422 | K214: 0 | M214: 0 | N214: 47943.378 | O214: 47943.378 | P214: 0 | Q214: 191329.94 | R214: 65013.548 | S214: 126316.39 | U214: 0 | V214: 46126.372 | Y214: 5987.7842 | Z214: 31410.353 | AA214: 83524.51 | AC214: 1048.9791 | AD214: 1038.3118 | AE214: 10.66729 | AF214: 29323.382 | AG214: 0 | AH214: 29323.382 | AI214: 395.046 | AJ214: 27251.225 | AK214: 7373.9881 | AL214: 19877.236 | AM214: 0 | AN214: 0 | AO214: 0 | AP214: 1935.5049 | AQ214: 0 | AR214: 1935.5049 | AU214: 0 | AV214: 35618.214 | AW214: 35618.214 | AX214: 0 | AY214: 95572.351 | AZ214: 44425.56 | BA214: 51146.79 | BC214: 0 | BD214: 0 | BE214: 47909.783 | BF214: 0 | BG214: 47909.783 | BI214: 0 | BJ214: 0 | BK214: 0 | BL214: 0 | BM214: 0 | BN214: 0 | BO214: 0 | BQ214: 418336.58 | BR214: 240873.4 | BS214: 177463.18
A215: 2020 | B215: enero | C215: 1021.1977 | D215: 8103.7431 | E215: 489.83519 | F215: 7613.9079 | G215: 0 | I215: 0 | J215: 961.09037 | K215: 0 | M215: 0 | N215: 2008.424 | O215: 2008.424 | P215: 0 | Q215: 12094.455 | R215: 4480.5472 | S215: 7613.9079 | U215: 843.32071 | V215: 4323.5133 | Y215: 0 | Z215: 4615.5719 | AA215: 9782.4059 | AC215: 0 | AD215: 0 | AE215: 0 | AF215: 1505.9577 | AG215: 0 | AH215: 1505.9577 | AI215: 48.154 | AJ215: 1608.2236 | AK215: 0 | AL215: 1608.2236 | AM215: 0 | AN215: 0 | AO215: 0 | AP215: 378.2024 | AQ215: 0 | AR215: 378.2024 | AS215: 0 | AT215: 0 | AU215: 0 | AV215: 3282.741 | AW215: 3282.741 | AX215: 0 | AY215: 6823.2787 | AZ215: 3330.895 | BA215: 3492.3837 | BC215: 0 | BD215: 0 | BE215: 3639.8985 | BF215: 0 | BG215: 3639.8985 | BI215: 0 | BJ215: 0 | BK215: 0 | BL215: 0 | BM215: 0 | BN215: 0 | BO215: 0 | BQ215: 32340.038 | BR215: 21233.747 | BS215: 11106.292
A216: 2020 | B216: febrero | C216: 0 | D216: 6631.0957 | E216: 0 | F216: 6631.0957 | G216: 0 | I216: 0 | J216: 2019.9642 | K216: 0 | M216: 0 | N216: 1827.0601 | O216: 1827.0601 | P216: 0 | Q216: 10478.12 | R216: 3847.0242 | S216: 6631.0957 | U216: 472.06004 | V216: 7923.9679 | Y216: 0 | Z216: 3558.5715 | AA216: 11954.599 | AC216: 0 | AD216: 0 | AE216: 0 | AF216: 2073.083 | AG216: 0 | AH216: 2073.083 | AI216: 48.688 | AJ216: 2030.8243 | AK216: 941.92449 | AL216: 1088.8998 | AM216: 0 | AN216: 0 | AO216: 0 | AP216: 228.65656 | AQ216: 0 | AR216: 228.65656 | AS216: 0 | AT216: 0 | AU216: 0 | AV216: 1092.746 | AW216: 1092.746 | AX216: 0 | AY216: 5473.9978 | AZ216: 2083.3584 | BA216: 3390.6394 | BC216: 0 | BD216: 0 | BE216: 1438.1164 | BF216: 0 | BG216: 1438.1164 | BI216: 0 | BJ216: 0 | BK216: 0 | BL216: 0 | BM216: 0 | BN216: 0 | BO216: 0 | BQ216: 29344.834 | BR216: 19323.098 | BS216: 10021.735
A217: 2020 | B217: marzo | C217: 0 | D217: 5013.3663 | E217: 0 | F217: 5013.3663 | G217: 0 | I217: 967.62381 | J217: 1874.7538 | K217: 0 | M217: 0 | N217: 3799.6464 | O217: 3799.6464 | P217: 0 | Q217: 11655.39 | R217: 6642.024 | S217: 5013.3663 | U217: 375.44044 | V217: 8003.8735 | Y217: 865.91716 | Z217: 1326.0084 | AA217: 10571.239 | AC217: 0 | AD217: 0 | AE217: 0 | AF217: 1013.052 | AG217: 0 | AH217: 1013.052 | AI217: 32.631 | AJ217: 1085.8299 | AK217: 0 | AL217: 1085.8299 | AM217: 0 | AN217: 0 | AO217: 0 | AP217: 59.916 | AQ217: 0 | AR217: 59.916 | AS217: 0 | AT217: 0 | AU217: 0 | AV217: 5347.9752 | AW217: 5347.9752 | AX217: 0 | AY217: 7539.4041 | AZ217: 5380.6062 | BA217: 2158.7979 | BC217: 0 | BD217: 0 | BE217: 1632.4167 | BF217: 0 | BG217: 1632.4167 | BI217: 0 | BJ217: 0 | BK217: 0 | BL217: 0 | BM217: 0 | BN217: 0 | BO217: 0 | BQ217: 31398.451 | BR217: 24226.286 | BS217: 7172.1643
A218: 2020 | B218: abril | C218: 1021.136 | D218: 5297.1483 | E218: 496.53703 | F218: 4800.6113 | G218: 0 | I218: 0 | J218: 0 | K218: 0 | M218: 0 | N218: 4546.4206 | O218: 4546.4206 | P218: 0 | Q218: 10864.705 | R218: 6064.0936 | S218: 4800.6113 | U218: 0 | V218: 4764.039 | Y218: 0 | Z218: 1756.3631 | AA218: 6520.402 | AC218: 0 | AD218: 0 | AE218: 0 | AF218: 1441.6822 | AG218: 0 | AH218: 1441.6822 | AI218: 11.543 | AJ218: 759.11594 | AK218: 0 | AL218: 759.11594 | AM218: 0 | AN218: 0 | AO218: 0 | AP218: 595.8501 | AQ218: 0 | AR218: 595.8501 | AS218: 0 | AT218: 0 | AU218: 0 | AV218: 2190.4594 | AW218: 2190.4594 | AX218: 0 | AY218: 4998.6506 | AZ218: 2202.0024 | BA218: 2796.6482 | BC218: 0 | BD218: 0 | BE218: 879.99763 | BF218: 0 | BG218: 879.99763 | BI218: 0 | BJ218: 0 | BK218: 0 | BL218: 0 | BM218: 0 | BN218: 0 | BO218: 0 | BQ218: 23263.755 | BR218: 15666.496 | BS218: 7597.2595
A219: 2020 | B219: mayo | C219: 0 | D219: 5025.411 | E219: 0 | F219: 5025.411 | G219: 0 | I219: 0 | J219: 0 | K219: 0 | M219: 0 | N219: 4628.9894 | O219: 4628.9894 | P219: 0 | Q219: 9654.4003 | R219: 4628.9894 | S219: 5025.411 | U219: 0 | V219: 7315.395 | Y219: 0 | Z219: 2907.8046 | AA219: 10223.2 | AC219: 14.09755 | AD219: 0 | AE219: 14.09755 | AF219: 1458.4366 | AG219: 0 | AH219: 1458.4366 | AI219: 10.393 | AJ219: 1880.665 | AK219: 910.33606 | AL219: 970.32891 | AM219: 0 | AN219: 0 | AO219: 0 | AP219: 128.25651 | AQ219: 0 | AR219: 128.25651 | AS219: 0 | AT219: 0 | AU219: 0 | AV219: 2192.3858 | AW219: 2192.3858 | AX219: 0 | AY219: 5684.2344 | AZ219: 3113.1148 | BA219: 2571.1195 | BC219: 0 | BD219: 0 | BE219: 1813.1328 | BF219: 0 | BG219: 1813.1328 | BI219: 0 | BJ219: 0 | BK219: 0 | BL219: 0 | BM219: 0 | BN219: 0 | BO219: 0 | BQ219: 27374.967 | BR219: 19778.437 | BS219: 7596.5305
A220: 2020 | B220: junio | C220: 0 | D220: 5825.8916 | E220: 988.82738 | F220: 4837.0642 | G220: 0 | I220: 0 | J220: 0 | K220: 0 | M220: 0 | N220: 1873.4051 | O220: 1873.4051 | P220: 0 | Q220: 7699.2967 | R220: 2862.2325 | S220: 4837.0642 | U220: 0 | V220: 4349.0462 | Y220: 0 | Z220: 1872.8865 | AA220: 6221.9326 | AC220: 136.87535 | AD220: 0 | AE220: 136.87535 | AF220: 2711.995 | AG220: 881.663 | AH220: 1830.332 | AI220: 0 | AJ220: 2229.9752 | AK220: 901.37543 | AL220: 1328.5997 | AM220: 0 | AN220: 0 | AO220: 0 | AP220: 64.17564 | AQ220: 0 | AR220: 64.17564 | AS220: 0 | AT220: 0 | AU220: 0 | AV220: 4364.9302 | AW220: 4364.9302 | AX220: 0 | AY220: 9507.9514 | AZ220: 6147.9686 | BA220: 3359.9828 | BC220: 0 | BD220: 0 | BE220: 3851.4565 | BF220: 0 | BG220: 3851.4565 | BI220: 0 | BJ220: 0 | BK220: 0 | BL220: 0 | BM220: 0 | BN220: 0 | BO220: 0 | BQ220: 27280.637 | BR220: 19083.59 | BS220: 8197.047
A221: 2020 | B221: julio | C221: 991.46914 | D221: 7517.5871 | E221: 0 | F221: 7517.5871 | G221: 0 | I221: 0 | J221: 856.48129 | K221: 0 | M221: 0 | N221: 2573.913 | O221: 2573.913 | P221: 0 | Q221: 11939.451 | R221: 4421.8635 | S221: 7517.5871 | U221: 0 | V221: 4800.452 | Y221: 1009.5774 | Z221: 1018.0052 | AA221: 6828.0346 | AC221: 360.78663 | AD221: 0 | AE221: 360.78663 | AF221: 2568.2951 | AG221: 0 | AH221: 2568.2951 | AI221: 14.269 | AJ221: 1064.1205 | AK221: 0 | AL221: 1064.1205 | AM221: 0 | AN221: 0 | AO221: 0 | AP221: 0 | AQ221: 0 | AR221: 0 | AS221: 0 | AT221: 0 | AU221: 0 | AV221: 3219.3934 | AW221: 3219.3934 | AX221: 0 | AY221: 7226.8647 | AZ221: 3233.6624 | BA221: 3993.2023 | BC221: 0 | BD221: 0 | BE221: 8145.9007 | BF221: 0 | BG221: 8145.9007 | BI221: 0 | BJ221: 0 | BK221: 0 | BL221: 0 | BM221: 0 | BN221: 0 | BO221: 0 | BQ221: 34140.25 | BR221: 22629.461 | BS221: 11510.789
A222: 2020 | B222: agosto | C222: 1022.4938 | D222: 8802.8392 | E222: 1609.8621 | F222: 7192.977 | G222: 0 | I222: 0 | J222: 988.15316 | K222: 0 | M222: 0 | N222: 3707.413 | O222: 3707.413 | P222: 0 | Q222: 14520.899 | R222: 7327.9221 | S222: 7192.977 | U222: 0 | V222: 1014.5719 | Y222: 0 | Z222: 3933.642 | AA222: 4948.2139 | AC222: 52.87516 | AD222: 0 | AE222: 52.87516 | AF222: 2422.6265 | AG222: 0 | AH222: 2422.6265 | AI222: 27.442 | AJ222: 3575.8117 | AK222: 1842.5012 | AL222: 1733.3105 | AM222: 0 | AN222: 0 | AO222: 0 | AP222: 12.02405 | AQ222: 0 | AR222: 12.02405 | AS222: 0 | AT222: 0 | AU222: 0 | AV222: 2066.5863 | AW222: 2066.5863 | AX222: 0 | AY222: 8157.3657 | AZ222: 3936.5295 | BA222: 4220.8362 | BC222: 0 | BD222: 0 | BE222: 6454.8497 | BF222: 0 | BG222: 6454.8497 | BI222: 0 | BJ222: 0 | BK222: 0 | BL222: 0 | BM222: 0 | BN222: 0 | BO222: 0 | BQ222: 34081.328 | BR222: 22667.515 | BS222: 11413.813
A223: 2020 | B223: septiembre | C223: 0 | D223: 10036.199 | E223: 0 | F223: 10036.199 | G223: 956.36808 | I223: 0 | J223: 1031.7058 | K223: 0 | M223: 0 | N223: 5641.2837 | O223: 5641.2837 | P223: 0 | Q223: 17665.556 | R223: 7629.3576 | S223: 10036.199 | U223: 0 | V223: 2989.9844 | Y223: 0 | Z223: 593.68429 | AA223: 3583.6687 | AC223: 0 | AD223: 0 | AE223: 0 | AF223: 2376.1127 | AG223: 922.04953 | AH223: 1454.0631 | AI223: 12.771 | AJ223: 1763.2329 | AK223: 924.04939 | AL223: 839.18355 | AM223: 0 | AN223: 0 | AO223: 0 | AP223: 28.2525 | AQ223: 0 | AR223: 28.2525 | AS223: 0 | AT223: 0 | AU223: 0 | AV223: 5297.8081 | AW223: 5297.8081 | AX223: 0 | AY223: 9478.1771 | AZ223: 7156.678 | BA223: 2321.4992 | BC223: 0 | BD223: 0 | BE223: 1757.1615 | BF223: 0 | BG223: 1757.1615 | BI223: 0 | BJ223: 0 | BK223: 0 | BL223: 0 | BM223: 0 | BN223: 0 | BO223: 0 | BQ223: 32484.564 | BR223: 20126.866 | BS223: 12357.698
A224: 2020 | B224: octubre | C224: 0 | D224: 15251.436 | E224: 496.16288 | F224: 14755.274 | G224: 0 | I224: 0 | J224: 866.4767 | K224: 0 | M224: 0 | N224: 2679.9524 | O224: 2679.9524 | P224: 0 | Q224: 18797.866 | R224: 4042.592 | S224: 14755.274 | U224: 0 | V224: 4494.6821 | Y224: 0 | Z224: 777.27616 | AA224: 5271.9583 | AC224: 0 | AD224: 0 | AE224: 0 | AF224: 486.36816 | AG224: 0 | AH224: 486.36816 | AI224: 0 | AJ224: 238.96119 | AK224: 0 | AL224: 238.96119 | AM224: 0 | AN224: 0 | AO224: 0 | AP224: 0 | AQ224: 0 | AR224: 0 | AS224: 0 | AT224: 0 | AU224: 0 | AV224: 3065.5075 | AW224: 3065.5075 | AX224: 0 | AY224: 3790.8368 | AZ224: 3065.5075 | BA224: 725.32935 | BC224: 0 | BD224: 0 | BE224: 879.65722 | BF224: 0 | BG224: 879.65722 | BI224: 0 | BJ224: 0 | BK224: 0 | BL224: 0 | BM224: 0 | BN224: 0 | BO224: 0 | BQ224: 28740.318 | BR224: 13259.715 | BS224: 15480.603
A225: 2020 | B225: noviembre | C225: 0 | D225: 15275.269 | E225: 997.70075 | F225: 14277.568 | G225: 0 | I225: 0 | J225: 962.54321 | K225: 0 | M225: 0 | N225: 2911.5129 | O225: 2911.5129 | P225: 0 | Q225: 19149.325 | R225: 4871.7568 | S225: 14277.568 | U225: 0 | V225: 3067.575 | Y225: 0 | Z225: 1721.079 | AA225: 4788.654 | AC225: 0 | AD225: 0 | AE225: 0 | AF225: 1195.8064 | AG225: 0 | AH225: 1195.8064 | AI225: 17.843 | AJ225: 664.85885 | AK225: 0 | AL225: 664.85885 | AM225: 0 | AN225: 0 | AO225: 0 | AP225: 43.58717 | AQ225: 0 | AR225: 43.58717 | AS225: 0 | AT225: 0 | AU225: 0 | AV225: 4332.0272 | AW225: 4332.0272 | AX225: 0 | AY225: 6254.1226 | AZ225: 4349.8702 | BA225: 1904.2524 | BC225: 0 | BD225: 0 | BE225: 875.99482 | BF225: 0 | BG225: 875.99482 | BI225: 0 | BJ225: 0 | BK225: 0 | BL225: 0 | BM225: 0 | BN225: 0 | BO225: 0 | BQ225: 31068.096 | BR225: 14886.276 | BS225: 16181.82
A226: 2020 | B226: diciembre | C226: 0 | D226: 13425.506 | E226: 495.0734 | F226: 12930.432 | G226: 0 | I226: 0 | J226: 1007.784 | K226: 0 | M226: 0 | N226: 7997.4612 | O226: 7997.4612 | P226: 0 | Q226: 22430.751 | R226: 9500.3186 | S226: 12930.432 | U226: 0 | V226: 4069.7309 | Y226: 0 | Z226: 0 | AA226: 4069.7309 | AC226: 0 | AD226: 0 | AE226: 0 | AF226: 2974.0336 | AG226: 0 | AH226: 2974.0336 | AI226: 0 | AJ226: 1408.8345 | AK226: 0 | AL226: 1408.8345 | AM226: 0 | AN226: 0 | AO226: 0 | AP226: 317.87946 | AQ226: 0 | AR226: 317.87946 | AS226: 0 | AT226: 0 | AU226: 0 | AV226: 1627.9855 | AW226: 1627.9855 | AX226: 0 | AY226: 6328.7332 | AZ226: 1627.9855 | BA226: 4700.7476 | BC226: 0 | BD226: 0 | BE226: 879.56299 | BF226: 0 | BG226: 879.56299 | BI226: 0 | BJ226: 0 | BK226: 0 | BL226: 0 | BM226: 0 | BN226: 0 | BO226: 0 | BQ226: 33708.778 | BR226: 16077.598 | BS226: 17631.18
A227: 2020 | B227: total | C227: 4056.2967 | D227: 106205.49 | E227: 5573.9988 | F227: 100631.49 | G227: 956.36808 | I227: 967.62381 | J227: 10568.952 | K227: 0 | M227: 0 | N227: 44195.482 | O227: 44195.482 | P227: 0 | Q227: 166950.21 | R227: 66318.721 | S227: 100631.49 | U227: 1690.8212 | V227: 57116.831 | Y227: 1875.4946 | Z227: 24080.893 | AA227: 84764.039 | AC227: 564.63469 | AD227: 0 | AE227: 564.63469 | AF227: 22227.449 | AG227: 1803.7125 | AH227: 20423.736 | AI227: 223.734 | AJ227: 18310.454 | AK227: 5520.1866 | AL227: 12790.267 | AM227: 0 | AN227: 0 | AO227: 0 | AP227: 1856.8004 | AQ227: 0 | AR227: 1856.8004 | AS227: 0 | AT227: 0 | AU227: 0 | AV227: 38080.546 | AW227: 38080.546 | AX227: 0 | AY227: 81263.617 | AZ227: 45628.179 | BA227: 35635.439 | BC227: 0 | BD227: 0 | BE227: 32248.145 | BF227: 0 | BG227: 32248.145 | BI227: 0 | BJ227: 0 | BK227: 0 | BL227: 0 | BM227: 0 | BN227: 0 | BO227: 0 | BQ227: 365226.02 | BR227: 228959.09 | BS227: 136266.93
A228: 2021 | B228: enero | C228: 0 | D228: 15351.295 | E228: 2885.4743 | F228: 12465.82 | G228: 0 | H228: 0 | I228: 913.14696 | J228: 997.2255 | K228: 0 | M228: 0 | N228: 2758.3589 | O228: 2758.3589 | P228: 0 | Q228: 20020.026 | R228: 7554.2056 | S228: 12465.82 | U228: 0 | V228: 1961.2759 | Y228: 0 | Z228: 1843.0752 | AA228: 3804.3511 | AC228: 0 | AD228: 0 | AE228: 0 | AF228: 3665.6963 | AG228: 0 | AH228: 3665.6963 | AI228: 13.327 | AJ228: 2425.3207 | AK228: 0 | AL228: 2425.3207 | AM228: 0 | AN228: 0 | AO228: 0 | AP228: 358.31841 | AQ228: 0.59632 | AR228: 357.72209 | AS228: 0 | AT228: 0 | AU228: 0 | AV228: 2640.5592 | AW228: 2640.5592 | AX228: 0 | AY228: 9103.2217 | AZ228: 2654.4826 | BA228: 6448.7391 | BC228: 0 | BD228: 0 | BE228: 1799.5205 | BF228: 0 | BG228: 1799.5205 | BI228: 0 | BJ228: 0 | BK228: 0 | BL228: 0 | BM228: 0 | BN228: 0 | BO228: 0 | BQ228: 34727.119 | BR228: 15812.56 | BS228: 18914.559
A229: 2021 | B229: febrero | C229: 0 | D229: 14413.24 | E229: 494.58694 | F229: 13918.653 | G229: 0 | H229: 0 | I229: 0 | J229: 0 | K229: 0 | M229: 0 | N229: 2837.2177 | O229: 2837.2177 | P229: 0 | Q229: 17250.457 | R229: 3331.8047 | S229: 13918.653 | U229: 0 | V229: 3034.0761 | Y229: 0 | Z229: 2830.818 | AA229: 5864.8941 | AC229: 0 | AD229: 0 | AE229: 0 | AF229: 201.456 | AG229: 0 | AH229: 201.456 | AI229: 0 | AJ229: 462.32556 | AK229: 0 | AL229: 462.32556 | AM229: 0 | AN229: 0 | AO229: 0 | AP229: 209.29938 | AQ229: 0 | AR229: 209.29938 | AS229: 0 | AT229: 0 | AU229: 0 | AV229: 4602.9399 | AW229: 4602.9399 | AX229: 0 | AY229: 5476.0209 | AZ229: 4602.9399 | BA229: 873.08094 | BC229: 0 | BD229: 0 | BE229: 1788.3343 | BF229: 0 | BG229: 1788.3343 | BI229: 0 | BJ229: 0 | BK229: 0 | BL229: 0 | BM229: 0 | BN229: 0 | BO229: 0 | BQ229: 30379.707 | BR229: 15587.973 | BS229: 14791.734
A230: 2021 | B230: marzo | C230: 0 | D230: 15965.866 | E230: 494.1696 | F230: 15471.697 | G230: 0 | H230: 0 | I230: 0 | J230: 979.64846 | K230: 0 | M230: 0 | N230: 4633.5957 | O230: 4633.5957 | P230: 0 | Q230: 21579.111 | R230: 6107.4137 | S230: 15471.697 | U230: 0 | V230: 3307.7589 | Y230: 0 | Z230: 859.71457 | AA230: 4167.4734 | AC230: 0 | AD230: 0 | AE230: 0 | AF230: 475.02982 | AG230: 0 | AH230: 475.02982 | AI230: 32.384 | AJ230: 265.62062 | AK230: 0 | AL230: 265.62062 | AM230: 0 | AN230: 0 | AO230: 0 | AP230: 968.63285 | AQ230: 0 | AR230: 968.63285 | AS230: 0 | AT230: 0 | AU230: 0 | AV230: 3229.8064 | AW230: 3229.8064 | AX230: 0 | AY230: 4971.4736 | AZ230: 3262.1904 | BA230: 1709.2833 | BC230: 0 | BD230: 0 | BE230: 1790.2099 | BF230: 0 | BG230: 1790.2099 | BI230: 0 | BJ230: 0 | BK230: 0 | BL230: 0 | BM230: 0 | BN230: 0 | BO230: 0 | BQ230: 32508.268 | BR230: 15327.287 | BS230: 17180.98
A231: 2021 | B231: abril | C231: 0 | D231: 14685.092 | E231: 1369.9 | F231: 13315.192 | G231: 0 | H231: 0 | I231: 902.24981 | J231: 0 | K231: 0 | M231: 0 | N231: 4862.4302 | O231: 4862.4302 | P231: 0 | Q231: 20449.772 | R231: 7134.58 | S231: 13315.192 | U231: 0 | V231: 5734.5777 | Y231: 0 | Z231: 1773.753 | AA231: 7508.3306 | AC231: 0 | AD231: 0 | AE231: 0 | AF231: 1579.1461 | AG231: 0 | AH231: 1579.1461 | AI231: 12.466 | AJ231: 608.62919 | AK231: 0 | AL231: 608.62919 | AM231: 0 | AN231: 0 | AO231: 0 | AP231: 280.51644 | AQ231: 0 | AR231: 280.51644 | AS231: 0 | AT231: 0 | AU231: 0 | AV231: 2182.3946 | AW231: 2182.3946 | AX231: 0 | AY231: 4663.1523 | AZ231: 2194.8606 | BA231: 2468.2917 | BC231: 0 | BD231: 0 | BE231: 1803.5341 | BF231: 0 | BG231: 1803.5341 | BI231: 0 | BJ231: 0 | BK231: 0 | BL231: 0 | BM231: 0 | BN231: 0 | BO231: 0 | BQ231: 34424.789 | BR231: 18641.305 | BS231: 15783.483
A232: 2021 | B232: mayo | C232: 0 | D232: 18122.626 | E232: 2487.9362 | F232: 15634.69 | G232: 0 | H232: 0 | I232: 0 | J232: 1929.9176 | K232: 0 | M232: 0 | N232: 2018.9749 | O232: 2018.9749 | P232: 0 | Q232: 22071.519 | R232: 6436.8286 | S232: 15634.69 | U232: 0 | V232: 4602.3415 | Y232: 0 | Z232: 847.4287 | AA232: 5449.7702 | AC232: 0 | AD232: 0 | AE232: 0 | AF232: 270.51674 | AG232: 0 | AH232: 270.51674 | AI232: 16.513 | AJ232: 805.59028 | AK232: 0 | AL232: 805.59028 | AM232: 0 | AN232: 0 | AO232: 0 | AP232: 134.69215 | AQ232: 0 | AR232: 134.69215 | AS232: 0 | AT232: 0 | AU232: 0 | AV232: 2162.7064 | AW232: 2162.7064 | AX232: 0 | AY232: 3390.0186 | AZ232: 2179.2194 | BA232: 1210.7992 | BC232: 0 | BD232: 0 | BE232: 1825.4811 | BF232: 0 | BG232: 1825.4811 | BI232: 0 | BJ232: 0 | BK232: 0 | BL232: 0 | BM232: 0 | BN232: 0 | BO232: 0 | BQ232: 32736.789 | BR232: 15891.299 | BS232: 16845.489
...
